t,acc_g
0,0.00245
0.005,0.00244
0.01,0.00244
0.015,0.00243
0.02,0.00242
0.025,0.00242
0.03,0.00241
0.035,0.0024
0.04,0.00239
0.045,0.00239
0.05,0.00238
0.055,0.00237
0.06,0.00237
0.065,0.00236
0.07,0.00235
0.075,0.00235
0.08,0.00234
0.085,0.00234
0.09,0.00233
0.095,0.00232
0.1,0.00231
0.105,0.0023
0.11,0.00228
0.115,0.00226
0.12,0.00224
0.125,0.00223
0.13,0.00222
0.135,0.00221
0.14,0.0022
0.145,0.00219
0.15,0.00218
0.155,0.00217
0.16,0.00215
0.165,0.00214
0.17,0.00213
0.175,0.00212
0.18,0.00211
0.185,0.0021
0.19,0.00208
0.195,0.00206
0.2,0.00203
0.205,0.002
0.21,0.00197
0.215,0.00194
0.22,0.00192
0.225,0.0019
0.23,0.00188
0.235,0.00188
0.24,0.00188
0.245,0.00188
0.25,0.0019
0.255,0.00191
0.26,0.00193
0.265,0.00195
0.27,0.00197
0.275,0.00198
0.28,0.00198
0.285,0.00196
0.29,0.00194
0.295,0.00192
0.3,0.00189
0.305,0.00186
0.31,0.00181
0.315,0.00175
0.32,0.00168
0.325,0.0016
0.33,0.00152
0.335,0.00146
0.34,0.0014
0.345,0.00135
0.35,0.00131
0.355,0.00129
0.36,0.00128
0.365,0.00128
0.37,0.00128
0.375,0.00128
0.38,0.00126
0.385,0.00123
0.39,0.0012
0.395,0.00117
0.4,0.00115
0.405,0.00111
0.41,0.00106
0.415,0.00101
0.42,0.00094
0.425,0.00087
0.43,0.00079
0.435,0.00072
0.44,0.00068
0.445,0.00067
0.45,0.0007
0.455,0.00075
0.46,0.00081
0.465,0.00089
0.47,0.00098
0.475,0.00106
0.48,0.00111
0.485,0.00112
0.49,0.00106
0.495,0.00098
0.5,0.00091
0.505,0.00085
0.51,0.00078
0.515,0.00069
0.52,0.00059
0.525,0.0005
0.53,0.00041
0.535,0.00032
0.54,0.00022
0.545,0.00013
0.55,0.00004
0.555,-0.00002
0.56,-0.00004
0.565,-0.00001
0.57,0.00007
0.575,0.00017
0.58,0.00024
0.585,0.00028
0.59,0.00027
0.595,0.00021
0.6,0.00012
0.605,0.00003
0.61,-0.00004
0.615,-0.0001
0.62,-0.00015
0.625,-0.00019
0.63,-0.00022
0.635,-0.00025
0.64,-0.00029
0.645,-0.00034
0.65,-0.00039
0.655,-0.00045
0.66,-0.00051
0.665,-0.00054
0.67,-0.00055
0.675,-0.00051
0.68,-0.00042
0.685,-0.00028
0.69,-0.00011
0.695,0.00007
0.7,0.00021
0.705,0.00026
0.71,0.00021
0.715,0.00006
0.72,-0.00015
0.725,-0.00037
0.73,-0.00056
0.735,-0.00068
0.74,-0.00073
0.745,-0.00072
0.75,-0.00068
0.755,-0.00064
0.76,-0.00064
0.765,-0.00069
0.77,-0.00079
0.775,-0.0009
0.78,-0.00101
0.785,-0.00111
0.79,-0.0012
0.795,-0.0013
0.8,-0.0014
0.805,-0.0015
0.81,-0.00159
0.815,-0.00167
0.82,-0.00172
0.825,-0.00175
0.83,-0.00178
0.835,-0.00186
0.84,-0.00201
0.845,-0.00222
0.85,-0.00241
0.855,-0.00255
0.86,-0.00256
0.865,-0.00243
0.87,-0.00218
0.875,-0.00188
0.88,-0.00159
0.885,-0.00137
0.89,-0.00124
0.895,-0.00121
0.9,-0.00128
0.905,-0.00142
0.91,-0.00161
0.915,-0.0019
0.92,-0.00229
0.925,-0.0028
0.93,-0.00341
0.935,-0.00407
0.94,-0.00471
0.945,-0.0053
0.95,-0.0058
0.955,-0.00622
0.96,-0.00655
0.965,-0.00677
0.97,-0.00683
0.975,-0.0067
0.98,-0.0064
0.985,-0.00595
0.99,-0.00536
0.995,-0.00466
1,-0.00389
1.005,-0.00315
1.01,-0.00254
1.015,-0.00206
1.02,-0.00169
1.025,-0.00145
1.03,-0.00136
1.035,-0.00141
1.04,-0.00156
1.045,-0.00172
1.05,-0.00182
1.055,-0.00185
1.06,-0.00182
1.065,-0.00181
1.07,-0.00185
1.075,-0.00193
1.08,-0.00205
1.085,-0.00222
1.09,-0.00249
1.095,-0.00283
1.1,-0.00315
1.105,-0.00332
1.11,-0.00327
1.115,-0.00301
1.12,-0.00259
1.125,-0.00205
1.13,-0.00142
1.135,-0.00074
1.14,-0.00003
1.145,0.00068
1.15,0.00136
1.155,0.00198
1.16,0.00252
1.165,0.00298
1.17,0.00332
1.175,0.00357
1.18,0.00374
1.185,0.00386
1.19,0.0039
1.195,0.00386
1.2,0.0037
1.205,0.00338
1.21,0.0029
1.215,0.00227
1.22,0.00154
1.225,0.0008
1.23,0.00015
1.235,-0.00038
1.24,-0.00079
1.245,-0.00099
1.25,-0.0009
1.255,-0.00056
1.26,-0.00009
1.265,0.00042
1.27,0.00092
1.275,0.00138
1.28,0.00169
1.285,0.0018
1.29,0.00173
1.295,0.00154
1.3,0.00122
1.305,0.00073
1.31,0.00014
1.315,-0.00041
1.32,-0.00084
1.325,-0.00121
1.33,-0.00165
1.335,-0.00222
1.34,-0.00293
1.345,-0.00369
1.35,-0.00441
1.355,-0.00494
1.36,-0.00527
1.365,-0.00543
1.37,-0.00546
1.375,-0.00541
1.38,-0.00532
1.385,-0.00524
1.39,-0.00519
1.395,-0.00521
1.4,-0.00525
1.405,-0.00522
1.41,-0.00507
1.415,-0.0048
1.42,-0.00444
1.425,-0.00404
1.43,-0.00366
1.435,-0.00332
1.44,-0.00301
1.445,-0.0027
1.45,-0.00239
1.455,-0.00205
1.46,-0.00165
1.465,-0.00109
1.47,-0.00033
1.475,0.00056
1.48,0.00143
1.485,0.00213
1.49,0.00257
1.495,0.00266
1.5,0.00234
1.505,0.00163
1.51,0.00064
1.515,-0.0005
1.52,-0.00165
1.525,-0.00269
1.53,-0.00353
1.535,-0.00411
1.54,-0.0044
1.545,-0.00436
1.55,-0.00396
1.555,-0.00319
1.56,-0.00211
1.565,-0.0009
1.57,0.00028
1.575,0.00131
1.58,0.00218
1.585,0.00287
1.59,0.0034
1.595,0.00379
1.6,0.00407
1.605,0.00427
1.61,0.00438
1.615,0.00439
1.62,0.00432
1.625,0.00421
1.63,0.00403
1.635,0.00372
1.64,0.00326
1.645,0.00271
1.65,0.00219
1.655,0.00177
1.66,0.00146
1.665,0.00122
1.67,0.00104
1.675,0.00088
1.68,0.00074
1.685,0.00062
1.69,0.00058
1.695,0.00065
1.7,0.00088
1.705,0.00134
1.71,0.00203
1.715,0.00294
1.72,0.00398
1.725,0.005
1.73,0.00582
1.735,0.00633
1.74,0.00653
1.745,0.00652
1.75,0.00646
1.755,0.00651
1.76,0.00677
1.765,0.00723
1.77,0.00785
1.775,0.00857
1.78,0.00933
1.785,0.01002
1.79,0.01053
1.795,0.0108
1.8,0.01076
1.805,0.0104
1.81,0.00976
1.815,0.00894
1.82,0.00803
1.825,0.00701
1.83,0.00584
1.835,0.00455
1.84,0.00331
1.845,0.0023
1.85,0.00159
1.855,0.00114
1.86,0.00087
1.865,0.00073
1.87,0.00068
1.875,0.0007
1.88,0.00078
1.885,0.00093
1.89,0.00117
1.895,0.00149
1.9,0.00189
1.905,0.00232
1.91,0.00272
1.915,0.00301
1.92,0.00317
1.925,0.0032
1.93,0.0031
1.935,0.00287
1.94,0.00252
1.945,0.0021
1.95,0.00164
1.955,0.00121
1.96,0.00081
1.965,0.00044
1.97,0.0001
1.975,-0.0002
1.98,-0.0004
1.985,-0.00045
1.99,-0.00032
1.995,-0.00005
2,0.00026
2.005,0.00054
2.01,0.00074
2.015,0.00087
2.02,0.00095
2.025,0.00099
2.03,0.00104
2.035,0.00112
2.04,0.00129
2.045,0.0016
2.05,0.00213
2.055,0.00297
2.06,0.00412
2.065,0.00549
2.07,0.00698
2.075,0.00846
2.08,0.00981
2.085,0.0109
2.09,0.01161
2.095,0.01186
2.1,0.01165
2.105,0.01099
2.11,0.00998
2.115,0.00871
2.12,0.00731
2.125,0.00585
2.13,0.00434
2.135,0.00273
2.14,0.00097
2.145,-0.00091
2.15,-0.00285
2.155,-0.00468
2.16,-0.00625
2.165,-0.00749
2.17,-0.00844
2.175,-0.00915
2.18,-0.0096
2.185,-0.00981
2.19,-0.00988
2.195,-0.00982
2.2,-0.00962
2.205,-0.00931
2.21,-0.00888
2.215,-0.00832
2.22,-0.00768
2.225,-0.00706
2.23,-0.00649
2.235,-0.00596
2.24,-0.00544
2.245,-0.00492
2.25,-0.00437
2.255,-0.00378
2.26,-0.0032
2.265,-0.00278
2.27,-0.00262
2.275,-0.00274
2.28,-0.00312
2.285,-0.00368
2.29,-0.00435
2.295,-0.00508
2.3,-0.00583
2.305,-0.00654
2.31,-0.0072
2.315,-0.00779
2.32,-0.00832
2.325,-0.00878
2.33,-0.00922
2.335,-0.00967
2.34,-0.01017
2.345,-0.01076
2.35,-0.01145
2.355,-0.01213
2.36,-0.01267
2.365,-0.013
2.37,-0.01305
2.375,-0.0128
2.38,-0.01224
2.385,-0.01138
2.39,-0.01027
2.395,-0.009
2.4,-0.00764
2.405,-0.00617
2.41,-0.00454
2.415,-0.00271
2.42,-0.00072
2.425,0.00133
2.43,0.00337
2.435,0.0053
2.44,0.00701
2.445,0.0084
2.45,0.00941
2.455,0.01
2.46,0.01018
2.465,0.01
2.47,0.00958
2.475,0.00907
2.48,0.00855
2.485,0.00803
2.49,0.00746
2.495,0.0069
2.5,0.00641
2.505,0.00598
2.51,0.00556
2.515,0.00505
2.52,0.00438
2.525,0.00352
2.53,0.0025
2.535,0.00142
2.54,0.00041
2.545,-0.00044
2.55,-0.00112
2.555,-0.00156
2.56,-0.00173
2.565,-0.00167
2.57,-0.00141
2.575,-0.001
2.58,-0.00053
2.585,-0.00008
2.59,0.00025
2.595,0.00045
2.6,0.00052
2.605,0.00049
2.61,0.00038
2.615,0.00022
2.62,0.00005
2.625,-0.0001
2.63,-0.00018
2.635,-0.00018
2.64,-0.0001
2.645,-0.00001
2.65,-0.00002
2.655,-0.00017
2.66,-0.00045
2.665,-0.00084
2.67,-0.00128
2.675,-0.00174
2.68,-0.0022
2.685,-0.00268
2.69,-0.00318
2.695,-0.00365
2.7,-0.0041
2.705,-0.00455
2.71,-0.00504
2.715,-0.00558
2.72,-0.00616
2.725,-0.00674
2.73,-0.00734
2.735,-0.00794
2.74,-0.0085
2.745,-0.00895
2.75,-0.00925
2.755,-0.00947
2.76,-0.00965
2.765,-0.00979
2.77,-0.00981
2.775,-0.00967
2.78,-0.00932
2.785,-0.0088
2.79,-0.00819
2.795,-0.0076
2.8,-0.00709
2.805,-0.00675
2.81,-0.00664
2.815,-0.00676
2.82,-0.00709
2.825,-0.0076
2.83,-0.00818
2.835,-0.00875
2.84,-0.00917
2.845,-0.0094
2.85,-0.00939
2.855,-0.00917
2.86,-0.00879
2.865,-0.00837
2.87,-0.00794
2.875,-0.00753
2.88,-0.00728
2.885,-0.00728
2.89,-0.00748
2.895,-0.00781
2.9,-0.00817
2.905,-0.00845
2.91,-0.0086
2.915,-0.0086
2.92,-0.00846
2.925,-0.00821
2.93,-0.0079
2.935,-0.00758
2.94,-0.00729
2.945,-0.00701
2.95,-0.00668
2.955,-0.00623
2.96,-0.00565
2.965,-0.00494
2.97,-0.0042
2.975,-0.00349
2.98,-0.00288
2.985,-0.00245
2.99,-0.0023
2.995,-0.00243
3,-0.00284
3.005,-0.00347
3.01,-0.00424
3.015,-0.00505
3.02,-0.00581
3.025,-0.00643
3.03,-0.00682
3.035,-0.00692
3.04,-0.00671
3.045,-0.00618
3.05,-0.00538
3.055,-0.00435
3.06,-0.00324
3.065,-0.00217
3.07,-0.00127
3.075,-0.00062
3.08,-0.00021
3.085,-0.00002
3.09,0.00005
3.095,0.00009
3.1,0.00015
3.105,0.0003
3.11,0.00053
3.115,0.00083
3.12,0.00112
3.125,0.00131
3.13,0.00124
3.135,0.00081
3.14,-0.00006
3.145,-0.00132
3.15,-0.00284
3.155,-0.00447
3.16,-0.00598
3.165,-0.00715
3.17,-0.00793
3.175,-0.00837
3.18,-0.00859
3.185,-0.00867
3.19,-0.00868
3.195,-0.0086
3.2,-0.00841
3.205,-0.00814
3.21,-0.00783
3.215,-0.00748
3.22,-0.00709
3.225,-0.00666
3.23,-0.0063
3.235,-0.00607
3.24,-0.00601
3.245,-0.00615
3.25,-0.00647
3.255,-0.00689
3.26,-0.00734
3.265,-0.00779
3.27,-0.00817
3.275,-0.00841
3.28,-0.00844
3.285,-0.00827
3.29,-0.00798
3.295,-0.00768
3.3,-0.00745
3.305,-0.00738
3.31,-0.00748
3.315,-0.00767
3.32,-0.00783
3.325,-0.00782
3.33,-0.00748
3.335,-0.00668
3.34,-0.0054
3.345,-0.00372
3.35,-0.00186
3.355,-0.00004
3.36,0.00156
3.365,0.00279
3.37,0.00356
3.375,0.00387
3.38,0.00382
3.385,0.00357
3.39,0.00323
3.395,0.00288
3.4,0.00264
3.405,0.0026
3.41,0.00282
3.415,0.00329
3.42,0.00391
3.425,0.00457
3.43,0.00513
3.435,0.00549
3.44,0.00559
3.445,0.00537
3.45,0.00485
3.455,0.00413
3.46,0.0033
3.465,0.00244
3.47,0.00164
3.475,0.00101
3.48,0.00056
3.485,0.00025
3.49,0
3.495,-0.00024
3.5,-0.00052
3.505,-0.00084
3.51,-0.00118
3.515,-0.00147
3.52,-0.00163
3.525,-0.00162
3.53,-0.00144
3.535,-0.00115
3.54,-0.0008
3.545,-0.00047
3.55,-0.0002
3.555,0
3.56,0.00017
3.565,0.0003
3.57,0.00041
3.575,0.0005
3.58,0.00058
3.585,0.00065
3.59,0.00073
3.595,0.00089
3.6,0.00115
3.605,0.00148
3.61,0.00179
3.615,0.00198
3.62,0.002
3.625,0.00184
3.63,0.00151
3.635,0.00101
3.64,0.00035
3.645,-0.00048
3.65,-0.0015
3.655,-0.00269
3.66,-0.00394
3.665,-0.00512
3.67,-0.00612
3.675,-0.00691
3.68,-0.00751
3.685,-0.00794
3.69,-0.00822
3.695,-0.00834
3.7,-0.00836
3.705,-0.00827
3.71,-0.00802
3.715,-0.00761
3.72,-0.00705
3.725,-0.00635
3.73,-0.00551
3.735,-0.00459
3.74,-0.00371
3.745,-0.00303
3.75,-0.00269
3.755,-0.00275
3.76,-0.0032
3.765,-0.0039
3.77,-0.00466
3.775,-0.0053
3.78,-0.00572
3.785,-0.00583
3.79,-0.00558
3.795,-0.00501
3.8,-0.0042
3.805,-0.00326
3.81,-0.00221
3.815,-0.00101
3.82,0.00033
3.825,0.00174
3.83,0.00311
3.835,0.00434
3.84,0.00538
3.845,0.00623
3.85,0.00691
3.855,0.00743
3.86,0.00785
3.865,0.00814
3.87,0.00828
3.875,0.00823
3.88,0.00802
3.885,0.00774
3.89,0.00749
3.895,0.00735
3.9,0.00735
3.905,0.00752
3.91,0.00789
3.915,0.00853
3.92,0.0095
3.925,0.01075
3.93,0.01216
3.935,0.01359
3.94,0.01489
3.945,0.01595
3.95,0.01671
3.955,0.01716
3.96,0.01725
3.965,0.01692
3.97,0.01611
3.975,0.01487
3.98,0.01332
3.985,0.01158
3.99,0.00976
3.995,0.00794
4,0.00621
4.005,0.0047
4.01,0.00348
4.015,0.00251
4.02,0.00179
4.025,0.00136
4.03,0.0012
4.035,0.00123
4.04,0.00138
4.045,0.00157
4.05,0.00178
4.055,0.00194
4.06,0.00194
4.065,0.00176
4.07,0.00141
4.075,0.00095
4.08,0.00044
4.085,-0.00005
4.09,-0.00049
4.095,-0.00088
4.1,-0.00119
4.105,-0.00136
4.11,-0.00137
4.115,-0.00124
4.12,-0.00104
4.125,-0.00076
4.13,-0.00042
4.135,-0.00012
4.14,0.00007
4.145,0.00012
4.15,0
4.155,-0.00026
4.16,-0.00059
4.165,-0.00092
4.17,-0.00131
4.175,-0.00181
4.18,-0.00243
4.185,-0.0032
4.19,-0.00414
4.195,-0.00528
4.2,-0.00657
4.205,-0.00797
4.21,-0.00945
4.215,-0.01089
4.22,-0.01216
4.225,-0.01311
4.23,-0.01375
4.235,-0.01418
4.24,-0.01447
4.245,-0.01462
4.25,-0.01461
4.255,-0.01438
4.26,-0.01388
4.265,-0.01302
4.27,-0.01177
4.275,-0.01015
4.28,-0.00823
4.285,-0.00613
4.29,-0.00401
4.295,-0.00206
4.3,-0.00047
4.305,0.00069
4.31,0.00147
4.315,0.00195
4.32,0.00212
4.325,0.00199
4.33,0.00158
4.335,0.00095
4.34,0.00016
4.345,-0.00067
4.35,-0.00146
4.355,-0.00212
4.36,-0.0026
4.365,-0.00286
4.37,-0.00294
4.375,-0.00299
4.38,-0.0031
4.385,-0.00329
4.39,-0.00361
4.395,-0.00408
4.4,-0.00473
4.405,-0.00561
4.41,-0.00685
4.415,-0.00857
4.42,-0.01086
4.425,-0.01368
4.43,-0.01686
4.435,-0.02017
4.44,-0.02329
4.445,-0.02599
4.45,-0.02806
4.455,-0.02936
4.46,-0.02982
4.465,-0.02943
4.47,-0.0282
4.475,-0.02625
4.48,-0.0237
4.485,-0.02073
4.49,-0.01748
4.495,-0.01404
4.5,-0.01046
4.505,-0.00679
4.51,-0.00313
4.515,0.00042
4.52,0.00387
4.525,0.0073
4.53,0.01065
4.535,0.01374
4.54,0.01634
4.545,0.01826
4.55,0.01942
4.555,0.01975
4.56,0.01924
4.565,0.01801
4.57,0.01621
4.575,0.01392
4.58,0.01119
4.585,0.00809
4.59,0.00469
4.595,0.00104
4.6,-0.00281
4.605,-0.00675
4.61,-0.01057
4.615,-0.01402
4.62,-0.01689
4.625,-0.01904
4.63,-0.0204
4.635,-0.02092
4.64,-0.02064
4.645,-0.01969
4.65,-0.01813
4.655,-0.01599
4.66,-0.01345
4.665,-0.01072
4.67,-0.00801
4.675,-0.00542
4.68,-0.003
4.685,-0.00072
4.69,0.00142
4.695,0.00338
4.7,0.00512
4.705,0.0066
4.71,0.00779
4.715,0.00867
4.72,0.00928
4.725,0.0097
4.73,0.01
4.735,0.01026
4.74,0.01056
4.745,0.01093
4.75,0.0113
4.755,0.01166
4.76,0.01197
4.765,0.0122
4.77,0.01228
4.775,0.01215
4.78,0.01183
4.785,0.01136
4.79,0.01074
4.795,0.00999
4.8,0.00916
4.805,0.00835
4.81,0.00768
4.815,0.0072
4.82,0.00695
4.825,0.00688
4.83,0.00697
4.835,0.00717
4.84,0.00745
4.845,0.00779
4.85,0.00819
4.855,0.0087
4.86,0.00941
4.865,0.01039
4.87,0.01168
4.875,0.01321
4.88,0.0149
4.885,0.0166
4.89,0.01814
4.895,0.01936
4.9,0.02016
4.905,0.02051
4.91,0.02039
4.915,0.01981
4.92,0.0188
4.925,0.01742
4.93,0.01574
4.935,0.01382
4.94,0.01175
4.945,0.00964
4.95,0.00761
4.955,0.00576
4.96,0.0041
4.965,0.00263
4.97,0.00137
4.975,0.00037
4.98,-0.00042
4.985,-0.00104
4.99,-0.00153
4.995,-0.00186
5,-0.00202
5.005,-0.00198
5.01,-0.00166
5.015,-0.00096
5.02,0.00012
5.025,0.00148
5.03,0.00298
5.035,0.00448
5.04,0.0059
5.045,0.0071
5.05,0.00795
5.055,0.00824
5.06,0.00786
5.065,0.00682
5.07,0.0052
5.075,0.00314
5.08,0.00078
5.085,-0.00168
5.09,-0.00405
5.095,-0.0062
5.1,-0.00811
5.105,-0.00972
5.11,-0.011
5.115,-0.01193
5.12,-0.0126
5.125,-0.01318
5.13,-0.01391
5.135,-0.015
5.14,-0.01658
5.145,-0.01861
5.15,-0.02091
5.155,-0.02335
5.16,-0.02581
5.165,-0.02811
5.17,-0.03012
5.175,-0.03173
5.18,-0.03274
5.185,-0.03294
5.19,-0.03213
5.195,-0.03029
5.2,-0.02753
5.205,-0.02411
5.21,-0.02032
5.215,-0.01644
5.22,-0.01273
5.225,-0.00927
5.23,-0.0061
5.235,-0.00317
5.24,-0.00047
5.245,0.00199
5.25,0.00416
5.255,0.00611
5.26,0.00797
5.265,0.00986
5.27,0.01178
5.275,0.01369
5.28,0.01539
5.285,0.01666
5.29,0.01737
5.295,0.0175
5.3,0.01711
5.305,0.01629
5.31,0.01521
5.315,0.01407
5.32,0.01304
5.325,0.01223
5.33,0.01169
5.335,0.01144
5.34,0.01145
5.345,0.01161
5.35,0.0118
5.355,0.01186
5.36,0.01165
5.365,0.01104
5.37,0.00994
5.375,0.00834
5.38,0.00635
5.385,0.00415
5.39,0.00193
5.395,-0.00011
5.4,-0.00178
5.405,-0.00295
5.41,-0.00363
5.415,-0.00388
5.42,-0.0038
5.425,-0.00351
5.43,-0.0032
5.435,-0.00303
5.44,-0.00308
5.445,-0.00331
5.45,-0.00364
5.455,-0.00391
5.46,-0.00391
5.465,-0.00348
5.47,-0.00247
5.475,-0.00077
5.48,0.0017
5.485,0.00491
5.49,0.00871
5.495,0.01288
5.5,0.0171
5.505,0.02101
5.51,0.0243
5.515,0.02667
5.52,0.02786
5.525,0.02771
5.53,0.02622
5.535,0.02354
5.54,0.01992
5.545,0.01565
5.55,0.01105
5.555,0.0064
5.56,0.00197
5.565,-0.00205
5.57,-0.00554
5.575,-0.00848
5.58,-0.0109
5.585,-0.01292
5.59,-0.01462
5.595,-0.016
5.6,-0.0171
5.605,-0.018
5.61,-0.01886
5.615,-0.01976
5.62,-0.02073
5.625,-0.02168
5.63,-0.02248
5.635,-0.02296
5.64,-0.02298
5.645,-0.02245
5.65,-0.02137
5.655,-0.01976
5.66,-0.01773
5.665,-0.01541
5.67,-0.01287
5.675,-0.01012
5.68,-0.0072
5.685,-0.0042
5.69,-0.00123
5.695,0.0016
5.7,0.00413
5.705,0.00624
5.71,0.00783
5.715,0.00889
5.72,0.00949
5.725,0.00966
5.73,0.00945
5.735,0.00891
5.74,0.00814
5.745,0.00728
5.75,0.0064
5.755,0.00553
5.76,0.0047
5.765,0.00395
5.77,0.00336
5.775,0.00297
5.78,0.00282
5.785,0.00296
5.79,0.00336
5.795,0.00393
5.8,0.00454
5.805,0.0051
5.81,0.00553
5.815,0.00578
5.82,0.00578
5.825,0.00558
5.83,0.00524
5.835,0.00484
5.84,0.00444
5.845,0.00406
5.85,0.00378
5.855,0.00363
5.86,0.00355
5.865,0.00338
5.87,0.00301
5.875,0.00242
5.88,0.0017
5.885,0.00101
5.89,0.00053
5.895,0.0004
5.9,0.00071
5.905,0.00146
5.91,0.00261
5.915,0.00408
5.92,0.00577
5.925,0.00755
5.93,0.00927
5.935,0.01075
5.94,0.01179
5.945,0.01223
5.95,0.012
5.955,0.01115
5.96,0.00977
5.965,0.00798
5.97,0.00606
5.975,0.00432
5.98,0.00292
5.985,0.00197
5.99,0.00151
5.995,0.00151
6,0.00183
6.005,0.00223
6.01,0.00247
6.015,0.00234
6.02,0.00168
6.025,0.00037
6.03,-0.00159
6.035,-0.00411
6.04,-0.00696
6.045,-0.00989
6.05,-0.01269
6.055,-0.01516
6.06,-0.01702
6.065,-0.01801
6.07,-0.01791
6.075,-0.01663
6.08,-0.01436
6.085,-0.01139
6.09,-0.00794
6.095,-0.00418
6.1,-0.0003
6.105,0.00353
6.11,0.0072
6.115,0.0106
6.12,0.01359
6.125,0.01599
6.13,0.0177
6.135,0.01874
6.14,0.01932
6.145,0.01974
6.15,0.02029
6.155,0.02124
6.16,0.02276
6.165,0.02493
6.17,0.02773
6.175,0.03104
6.18,0.03472
6.185,0.03861
6.19,0.04254
6.195,0.04626
6.2,0.04954
6.205,0.05215
6.21,0.05391
6.215,0.05473
6.22,0.05452
6.225,0.0533
6.23,0.05117
6.235,0.04829
6.24,0.04493
6.245,0.04139
6.25,0.0379
6.255,0.03462
6.26,0.03169
6.265,0.02922
6.27,0.02728
6.275,0.02593
6.28,0.02522
6.285,0.02517
6.29,0.02574
6.295,0.02686
6.3,0.02846
6.305,0.03035
6.31,0.03228
6.315,0.03397
6.32,0.03525
6.325,0.03611
6.33,0.03668
6.335,0.03709
6.34,0.03748
6.345,0.03799
6.35,0.03868
6.355,0.03963
6.36,0.04088
6.365,0.04254
6.37,0.04459
6.375,0.04686
6.38,0.04918
6.385,0.0514
6.39,0.05339
6.395,0.055
6.4,0.05609
6.405,0.05661
6.41,0.0566
6.415,0.05618
6.42,0.0555
6.425,0.05474
6.43,0.05404
6.435,0.05351
6.44,0.05325
6.445,0.05331
6.45,0.05368
6.455,0.05427
6.46,0.05494
6.465,0.05552
6.47,0.05587
6.475,0.05587
6.48,0.05553
6.485,0.05491
6.49,0.05408
6.495,0.0531
6.5,0.05206
6.505,0.05105
6.51,0.0501
6.515,0.04917
6.52,0.04814
6.525,0.047
6.53,0.04585
6.535,0.04473
6.54,0.04371
6.545,0.04281
6.55,0.04203
6.555,0.04132
6.56,0.04059
6.565,0.03968
6.57,0.03846
6.575,0.03686
6.58,0.03497
6.585,0.03285
6.59,0.03062
6.595,0.02851
6.6,0.0267
6.605,0.0253
6.61,0.02428
6.615,0.02359
6.62,0.0232
6.625,0.02306
6.63,0.0231
6.635,0.02324
6.64,0.02343
6.645,0.02365
6.65,0.02389
6.655,0.02418
6.66,0.02462
6.665,0.02532
6.67,0.02635
6.675,0.02775
6.68,0.0296
6.685,0.03196
6.69,0.03477
6.695,0.03789
6.7,0.04112
6.705,0.0443
6.71,0.04726
6.715,0.04983
6.72,0.05195
6.725,0.05372
6.73,0.05534
6.735,0.05702
6.74,0.05893
6.745,0.0612
6.75,0.06382
6.755,0.06665
6.76,0.06944
6.765,0.07199
6.77,0.07414
6.775,0.07579
6.78,0.07697
6.785,0.07782
6.79,0.07845
6.795,0.07896
6.8,0.07952
6.805,0.08029
6.81,0.08138
6.815,0.08274
6.82,0.08418
6.825,0.08549
6.83,0.08643
6.835,0.08678
6.84,0.08643
6.845,0.08538
6.85,0.08364
6.855,0.08128
6.86,0.07841
6.865,0.07518
6.87,0.07178
6.875,0.06836
6.88,0.0651
6.885,0.0622
6.89,0.05976
6.895,0.05777
6.9,0.05621
6.905,0.05499
6.91,0.05389
6.915,0.05255
6.92,0.05051
6.925,0.04729
6.93,0.04253
6.935,0.03603
6.94,0.02776
6.945,0.01788
6.95,0.00671
6.955,-0.00525
6.96,-0.01755
6.965,-0.02991
6.97,-0.04225
6.975,-0.05452
6.98,-0.06653
6.985,-0.07802
6.99,-0.08871
6.995,-0.09846
7,-0.10729
7.005,-0.11527
7.01,-0.12249
7.015,-0.12903
7.02,-0.13496
7.025,-0.14034
7.03,-0.14521
7.035,-0.14974
7.04,-0.1542
7.045,-0.15877
7.05,-0.16348
7.055,-0.16815
7.06,-0.1725
7.065,-0.1762
7.07,-0.17901
7.075,-0.18079
7.08,-0.18155
7.085,-0.18145
7.09,-0.18068
7.095,-0.17947
7.1,-0.17801
7.105,-0.17645
7.11,-0.17488
7.115,-0.17336
7.12,-0.17192
7.125,-0.17057
7.13,-0.1693
7.135,-0.16801
7.14,-0.16659
7.145,-0.16501
7.15,-0.16332
7.155,-0.16159
7.16,-0.15979
7.165,-0.15778
7.17,-0.15543
7.175,-0.15272
7.18,-0.14967
7.185,-0.14635
7.19,-0.14287
7.195,-0.13936
7.2,-0.13592
7.205,-0.13259
7.21,-0.12933
7.215,-0.12613
7.22,-0.12306
7.225,-0.1202
7.23,-0.11768
7.235,-0.11559
7.24,-0.11398
7.245,-0.11286
7.25,-0.11221
7.255,-0.11209
7.26,-0.11261
7.265,-0.11388
7.27,-0.11593
7.275,-0.11867
7.28,-0.12193
7.285,-0.12547
7.29,-0.12908
7.295,-0.13264
7.3,-0.13617
7.305,-0.13974
7.31,-0.14333
7.315,-0.14677
7.32,-0.14978
7.325,-0.15209
7.33,-0.15344
7.335,-0.15363
7.34,-0.15255
7.345,-0.15013
7.35,-0.14632
7.355,-0.14116
7.36,-0.13481
7.365,-0.12746
7.37,-0.11923
7.375,-0.11029
7.38,-0.10093
7.385,-0.09154
7.39,-0.08254
7.395,-0.0742
7.4,-0.06667
7.405,-0.05997
7.41,-0.05404
7.415,-0.04885
7.42,-0.04448
7.425,-0.04101
7.43,-0.03848
7.435,-0.03696
7.44,-0.03651
7.445,-0.03717
7.45,-0.03894
7.455,-0.04177
7.46,-0.04557
7.465,-0.05021
7.47,-0.05554
7.475,-0.06134
7.48,-0.06739
7.485,-0.07354
7.49,-0.07968
7.495,-0.08573
7.5,-0.09156
7.505,-0.09694
7.51,-0.10167
7.515,-0.10561
7.52,-0.10865
7.525,-0.1108
7.53,-0.11214
7.535,-0.11287
7.54,-0.11315
7.545,-0.11308
7.55,-0.11263
7.555,-0.1117
7.56,-0.11015
7.565,-0.10794
7.57,-0.10503
7.575,-0.10141
7.58,-0.0971
7.585,-0.09226
7.59,-0.0871
7.595,-0.0818
7.6,-0.07645
7.605,-0.07104
7.61,-0.06555
7.615,-0.05989
7.62,-0.05399
7.625,-0.04775
7.63,-0.04112
7.635,-0.03413
7.64,-0.02688
7.645,-0.01949
7.65,-0.01202
7.655,-0.00435
7.66,0.00374
7.665,0.01236
7.67,0.02148
7.675,0.03099
7.68,0.04072
7.685,0.05045
7.69,0.05994
7.695,0.06903
7.7,0.07781
7.705,0.08649
7.71,0.09535
7.715,0.10469
7.72,0.11477
7.725,0.12565
7.73,0.13729
7.735,0.14965
7.74,0.16261
7.745,0.17598
7.75,0.18963
7.755,0.20342
7.76,0.21722
7.765,0.23081
7.77,0.24386
7.775,0.25605
7.78,0.26706
7.785,0.27668
7.79,0.28487
7.795,0.29172
7.8,0.29744
7.805,0.30223
7.81,0.30628
7.815,0.30968
7.82,0.31239
7.825,0.31431
7.83,0.31533
7.835,0.31519
7.84,0.31357
7.845,0.31021
7.85,0.30508
7.855,0.29837
7.86,0.2906
7.865,0.28243
7.87,0.27425
7.875,0.26613
7.88,0.25799
7.885,0.24971
7.89,0.24124
7.895,0.23254
7.9,0.2236
7.905,0.2143
7.91,0.20448
7.915,0.19388
7.92,0.18236
7.925,0.16989
7.93,0.15654
7.935,0.14244
7.94,0.12769
7.945,0.11245
7.95,0.09708
7.955,0.08198
7.96,0.06757
7.965,0.05408
7.97,0.04172
7.975,0.03075
7.98,0.02131
7.985,0.01342
7.99,0.00709
7.995,0.00234
8,-0.00081
8.005,-0.00226
8.01,-0.00189
8.015,0.00038
8.02,0.0046
8.025,0.01084
8.03,0.01915
8.035,0.02945
8.04,0.04147
8.045,0.05484
8.05,0.06931
8.055,0.08455
8.06,0.10009
8.065,0.11559
8.07,0.13101
8.075,0.14633
8.08,0.16155
8.085,0.17662
8.09,0.19131
8.095,0.20521
8.1,0.21796
8.105,0.22939
8.11,0.23948
8.115,0.24833
8.12,0.25605
8.125,0.26273
8.13,0.26829
8.135,0.27251
8.14,0.27504
8.145,0.27552
8.15,0.27372
8.155,0.26961
8.16,0.26335
8.165,0.25521
8.17,0.24546
8.175,0.23431
8.18,0.22199
8.185,0.2087
8.19,0.19466
8.195,0.18025
8.2,0.1659
8.205,0.15197
8.21,0.13876
8.215,0.12655
8.22,0.11543
8.225,0.10531
8.23,0.09606
8.235,0.08756
8.24,0.07971
8.245,0.07235
8.25,0.06525
8.255,0.05821
8.26,0.05107
8.265,0.04371
8.27,0.03591
8.275,0.02749
8.28,0.01846
8.285,0.00911
8.29,-0.00005
8.295,-0.00861
8.3,-0.01647
8.305,-0.02365
8.31,-0.03014
8.315,-0.03581
8.32,-0.04056
8.325,-0.04444
8.33,-0.04763
8.335,-0.05027
8.34,-0.05258
8.345,-0.0548
8.35,-0.05719
8.355,-0.05998
8.36,-0.06333
8.365,-0.06737
8.37,-0.07219
8.375,-0.07783
8.38,-0.08429
8.385,-0.0914
8.39,-0.099
8.395,-0.10697
8.4,-0.1152
8.405,-0.12357
8.41,-0.13203
8.415,-0.14052
8.42,-0.1489
8.425,-0.15697
8.43,-0.16458
8.435,-0.17168
8.44,-0.17831
8.445,-0.18449
8.45,-0.1902
8.455,-0.1954
8.46,-0.20004
8.465,-0.20399
8.47,-0.20712
8.475,-0.20938
8.48,-0.21087
8.485,-0.21174
8.49,-0.21213
8.495,-0.21219
8.5,-0.21209
8.505,-0.21192
8.51,-0.21173
8.515,-0.21149
8.52,-0.2111
8.525,-0.21035
8.53,-0.20886
8.535,-0.20619
8.54,-0.20183
8.545,-0.19533
8.55,-0.18646
8.555,-0.17521
8.56,-0.16182
8.565,-0.14663
8.57,-0.12996
8.575,-0.11206
8.58,-0.09342
8.585,-0.07476
8.59,-0.0567
8.595,-0.03984
8.6,-0.02481
8.605,-0.01221
8.61,-0.00241
8.615,0.00443
8.62,0.00843
8.625,0.01
8.63,0.00973
8.635,0.00825
8.64,0.00611
8.645,0.00374
8.65,0.0014
8.655,-0.00073
8.66,-0.00257
8.665,-0.0041
8.67,-0.00548
8.675,-0.00699
8.68,-0.00891
8.685,-0.0114
8.69,-0.01452
8.695,-0.01831
8.7,-0.02272
8.705,-0.02769
8.71,-0.03333
8.715,-0.03978
8.72,-0.04718
8.725,-0.05553
8.73,-0.06477
8.735,-0.07491
8.74,-0.08592
8.745,-0.09767
8.75,-0.10991
8.755,-0.12237
8.76,-0.13482
8.765,-0.14697
8.77,-0.15834
8.775,-0.16817
8.78,-0.17552
8.785,-0.17949
8.79,-0.1794
8.795,-0.17496
8.8,-0.16629
8.805,-0.15369
8.81,-0.13754
8.815,-0.11832
8.82,-0.0966
8.825,-0.0731
8.83,-0.04865
8.835,-0.02417
8.84,-0.00041
8.845,0.02217
8.85,0.04339
8.855,0.06311
8.86,0.08125
8.865,0.098
8.87,0.11369
8.875,0.12872
8.88,0.14347
8.885,0.15817
8.89,0.17301
8.895,0.1881
8.9,0.20349
8.905,0.21917
8.91,0.23501
8.915,0.25059
8.92,0.26533
8.925,0.27878
8.93,0.29072
8.935,0.30125
8.94,0.31061
8.945,0.31909
8.95,0.32692
8.955,0.33416
8.96,0.34065
8.965,0.34596
8.97,0.34936
8.975,0.34991
8.98,0.34642
8.985,0.33764
8.99,0.32243
8.995,0.30008
9,0.27038
9.005,0.23377
9.01,0.19126
9.015,0.14417
9.02,0.09401
9.025,0.04255
9.03,-0.00819
9.035,-0.0561
9.04,-0.09939
9.045,-0.13703
9.05,-0.16883
9.055,-0.19533
9.06,-0.21727
9.065,-0.23547
9.07,-0.25071
9.075,-0.26371
9.08,-0.27507
9.085,-0.28527
9.09,-0.29466
9.095,-0.30354
9.1,-0.31218
9.105,-0.32076
9.11,-0.32937
9.115,-0.33796
9.12,-0.34626
9.125,-0.35378
9.13,-0.35981
9.135,-0.36353
9.14,-0.36418
9.145,-0.36129
9.15,-0.35472
9.155,-0.34455
9.16,-0.33103
9.165,-0.31448
9.17,-0.29527
9.175,-0.27385
9.18,-0.25077
9.185,-0.22666
9.19,-0.20233
9.195,-0.17876
9.2,-0.15685
9.205,-0.1371
9.21,-0.1198
9.215,-0.10526
9.22,-0.09363
9.225,-0.08488
9.23,-0.07896
9.235,-0.07579
9.24,-0.0752
9.245,-0.07687
9.25,-0.08029
9.255,-0.08488
9.26,-0.09012
9.265,-0.09567
9.27,-0.1013
9.275,-0.10679
9.28,-0.11191
9.285,-0.11635
9.29,-0.11976
9.295,-0.12178
9.3,-0.12211
9.305,-0.12057
9.31,-0.11709
9.315,-0.11176
9.32,-0.10486
9.325,-0.09686
9.33,-0.08824
9.335,-0.07939
9.34,-0.07069
9.345,-0.06246
9.35,-0.0549
9.355,-0.04814
9.36,-0.04218
9.365,-0.0369
9.37,-0.03219
9.375,-0.02801
9.38,-0.02424
9.385,-0.0207
9.39,-0.01732
9.395,-0.0141
9.4,-0.01096
9.405,-0.00781
9.41,-0.00463
9.415,-0.00142
9.42,0.00181
9.425,0.00499
9.43,0.0081
9.435,0.01113
9.44,0.01405
9.445,0.01676
9.45,0.01915
9.455,0.02108
9.46,0.02239
9.465,0.02295
9.47,0.02267
9.475,0.02144
9.48,0.01921
9.485,0.01594
9.49,0.01163
9.495,0.00626
9.5,-0.00023
9.505,-0.0078
9.51,-0.01626
9.515,-0.02526
9.52,-0.03447
9.525,-0.04377
9.53,-0.05307
9.535,-0.06217
9.54,-0.07088
9.545,-0.07908
9.55,-0.08664
9.555,-0.09345
9.56,-0.09949
9.565,-0.10476
9.57,-0.10925
9.575,-0.11292
9.58,-0.11574
9.585,-0.11769
9.59,-0.11863
9.595,-0.11839
9.6,-0.11679
9.605,-0.11372
9.61,-0.10909
9.615,-0.10277
9.62,-0.09468
9.625,-0.0848
9.63,-0.07329
9.635,-0.06043
9.64,-0.04647
9.645,-0.03168
9.65,-0.01635
9.655,-0.00083
9.66,0.01454
9.665,0.0293
9.67,0.04292
9.675,0.05509
9.68,0.06578
9.685,0.075
9.69,0.08281
9.695,0.08931
9.7,0.09461
9.705,0.09885
9.71,0.10232
9.715,0.10533
9.72,0.10805
9.725,0.11046
9.73,0.1124
9.735,0.11365
9.74,0.11395
9.745,0.11309
9.75,0.11087
9.755,0.10717
9.76,0.10202
9.765,0.09559
9.77,0.08817
9.775,0.08001
9.78,0.0713
9.785,0.06222
9.79,0.05299
9.795,0.04394
9.8,0.03533
9.805,0.02725
9.81,0.01976
9.815,0.01288
9.82,0.00657
9.825,0.00079
9.83,-0.00438
9.835,-0.00879
9.84,-0.01224
9.845,-0.01458
9.85,-0.01576
9.855,-0.0159
9.86,-0.01518
9.865,-0.01382
9.87,-0.012
9.875,-0.00992
9.88,-0.00778
9.885,-0.00568
9.89,-0.00365
9.895,-0.00172
9.9,0.00009
9.905,0.0019
9.91,0.00386
9.915,0.00609
9.92,0.00868
9.925,0.01168
9.93,0.01511
9.935,0.0189
9.94,0.02291
9.945,0.02701
9.95,0.03116
9.955,0.03538
9.96,0.03967
9.965,0.04399
9.97,0.04827
9.975,0.0525
9.98,0.05666
9.985,0.0607
9.99,0.06452
9.995,0.06804
10,0.07122
10.005,0.07398
10.01,0.07624
10.015,0.07799
10.02,0.07923
10.025,0.07998
10.03,0.08022
10.035,0.07995
10.04,0.07912
10.045,0.07762
10.05,0.07527
10.055,0.07193
10.06,0.06748
10.065,0.06183
10.07,0.055
10.075,0.04714
10.08,0.03845
10.085,0.0292
10.09,0.01961
10.095,0.00989
10.1,0.0002
10.105,-0.00918
10.11,-0.01794
10.115,-0.02586
10.12,-0.03272
10.125,-0.03827
10.13,-0.04238
10.135,-0.04505
10.14,-0.04634
10.145,-0.04642
10.15,-0.04551
10.155,-0.04382
10.16,-0.04151
10.165,-0.0387
10.17,-0.03543
10.175,-0.0317
10.18,-0.02748
10.185,-0.02281
10.19,-0.01775
10.195,-0.01239
10.2,-0.00676
10.205,-0.0009
10.21,0.00519
10.215,0.01151
10.22,0.01805
10.225,0.02467
10.23,0.0312
10.235,0.03748
10.24,0.04336
10.245,0.04872
10.25,0.05352
10.255,0.05773
10.26,0.06139
10.265,0.06458
10.27,0.06738
10.275,0.06982
10.28,0.07185
10.285,0.07338
10.29,0.07425
10.295,0.07429
10.3,0.07341
10.305,0.07163
10.31,0.06906
10.315,0.06579
10.32,0.0619
10.325,0.0573
10.33,0.0519
10.335,0.04567
10.34,0.03872
10.345,0.03124
10.35,0.02332
10.355,0.01505
10.36,0.0065
10.365,-0.00228
10.37,-0.01128
10.375,-0.02041
10.38,-0.02951
10.385,-0.03848
10.39,-0.04719
10.395,-0.05557
10.4,-0.06351
10.405,-0.07087
10.41,-0.07743
10.415,-0.08294
10.42,-0.08722
10.425,-0.09014
10.43,-0.09163
10.435,-0.09166
10.44,-0.09028
10.445,-0.08762
10.45,-0.0838
10.455,-0.07891
10.46,-0.07311
10.465,-0.06652
10.47,-0.05931
10.475,-0.0515
10.48,-0.04312
10.485,-0.03424
10.49,-0.02507
10.495,-0.01598
10.5,-0.00723
10.505,0.00096
10.51,0.00841
10.515,0.01491
10.52,0.02035
10.525,0.02458
10.53,0.02743
10.535,0.0288
10.54,0.02864
10.545,0.027
10.55,0.02405
10.555,0.01995
10.56,0.01477
10.565,0.00847
10.57,0.00103
10.575,-0.00739
10.58,-0.01646
10.585,-0.02568
10.59,-0.03451
10.595,-0.04262
10.6,-0.04994
10.605,-0.05656
10.61,-0.0626
10.615,-0.06804
10.62,-0.0728
10.625,-0.07679
10.63,-0.08
10.635,-0.08242
10.64,-0.08405
10.645,-0.08501
10.65,-0.08551
10.655,-0.08574
10.66,-0.08576
10.665,-0.08551
10.67,-0.08487
10.675,-0.08366
10.68,-0.08172
10.685,-0.07889
10.69,-0.07512
10.695,-0.07036
10.7,-0.06457
10.705,-0.05776
10.71,-0.04998
10.715,-0.04134
10.72,-0.03195
10.725,-0.022
10.73,-0.01179
10.735,-0.00166
10.74,0.00809
10.745,0.01724
10.75,0.02569
10.755,0.03343
10.76,0.04051
10.765,0.04692
10.77,0.0527
10.775,0.05789
10.78,0.06253
10.785,0.06659
10.79,0.07007
10.795,0.07297
10.8,0.0753
10.805,0.0771
10.81,0.07842
10.815,0.07925
10.82,0.07955
10.825,0.07921
10.83,0.0781
10.835,0.07604
10.84,0.0729
10.845,0.06853
10.85,0.06285
10.855,0.05585
10.86,0.0477
10.865,0.03864
10.87,0.029
10.875,0.01906
10.88,0.00908
10.885,-0.00067
10.89,-0.00996
10.895,-0.01857
10.9,-0.02642
10.905,-0.03347
10.91,-0.03973
10.915,-0.04527
10.92,-0.05023
10.925,-0.05475
10.93,-0.05892
10.935,-0.0627
10.94,-0.06604
10.945,-0.06894
10.95,-0.0714
10.955,-0.07342
10.96,-0.07498
10.965,-0.07603
10.97,-0.07648
10.975,-0.07624
10.98,-0.07529
10.985,-0.07362
10.99,-0.07129
10.995,-0.06834
11,-0.06481
11.005,-0.06078
11.01,-0.05644
11.015,-0.05201
11.02,-0.04767
11.025,-0.04365
11.03,-0.04018
11.035,-0.03731
11.04,-0.03502
11.045,-0.03324
11.05,-0.03187
11.055,-0.03077
11.06,-0.02982
11.065,-0.02894
11.07,-0.02805
11.075,-0.02708
11.08,-0.02587
11.085,-0.02432
11.09,-0.02237
11.095,-0.01998
11.1,-0.01715
11.105,-0.01397
11.11,-0.01058
11.115,-0.00715
11.12,-0.00372
11.125,-0.00029
11.13,0.00311
11.135,0.00643
11.14,0.00959
11.145,0.01252
11.15,0.01524
11.155,0.01785
11.16,0.02047
11.165,0.02312
11.17,0.02587
11.175,0.02876
11.18,0.03183
11.185,0.03506
11.19,0.03842
11.195,0.0418
11.2,0.04505
11.205,0.048
11.21,0.05048
11.215,0.05243
11.22,0.05381
11.225,0.05455
11.23,0.05454
11.235,0.05366
11.24,0.05187
11.245,0.04923
11.25,0.04582
11.255,0.04176
11.26,0.03725
11.265,0.03252
11.27,0.02772
11.275,0.02294
11.28,0.01822
11.285,0.01359
11.29,0.00911
11.295,0.00488
11.3,0.00101
11.305,-0.00244
11.31,-0.00547
11.315,-0.00821
11.32,-0.01081
11.325,-0.01342
11.33,-0.01611
11.335,-0.0189
11.34,-0.0218
11.345,-0.02471
11.35,-0.02752
11.355,-0.03005
11.36,-0.03215
11.365,-0.03369
11.37,-0.0346
11.375,-0.03485
11.38,-0.03444
11.385,-0.03348
11.39,-0.03212
11.395,-0.0305
11.4,-0.02875
11.405,-0.02704
11.41,-0.02561
11.415,-0.02465
11.42,-0.02425
11.425,-0.02437
11.43,-0.02498
11.435,-0.02603
11.44,-0.02735
11.445,-0.0287
11.45,-0.02975
11.455,-0.03012
11.46,-0.02952
11.465,-0.02781
11.47,-0.02498
11.475,-0.02113
11.48,-0.0164
11.485,-0.01099
11.49,-0.00506
11.495,0.00117
11.5,0.00756
11.505,0.01403
11.51,0.02054
11.515,0.02706
11.52,0.03344
11.525,0.03947
11.53,0.04503
11.535,0.05013
11.54,0.05486
11.545,0.05937
11.55,0.06376
11.555,0.0681
11.56,0.07239
11.565,0.07658
11.57,0.08074
11.575,0.08492
11.58,0.0891
11.585,0.09324
11.59,0.09724
11.595,0.10101
11.6,0.10444
11.605,0.10742
11.61,0.10985
11.615,0.11163
11.62,0.11264
11.625,0.11273
11.63,0.11172
11.635,0.10942
11.64,0.10569
11.645,0.10058
11.65,0.09421
11.655,0.08668
11.66,0.07816
11.665,0.06891
11.67,0.05927
11.675,0.04965
11.68,0.04041
11.685,0.03182
11.69,0.02408
11.695,0.01736
11.7,0.01174
11.705,0.00718
11.71,0.00364
11.715,0.00106
11.72,-0.00067
11.725,-0.00175
11.73,-0.00238
11.735,-0.00277
11.74,-0.00307
11.745,-0.00331
11.75,-0.00345
11.755,-0.00344
11.76,-0.00326
11.765,-0.00285
11.77,-0.00213
11.775,-0.00103
11.78,0.00055
11.785,0.00267
11.79,0.00531
11.795,0.00839
11.8,0.01183
11.805,0.01559
11.81,0.01961
11.815,0.02378
11.82,0.02795
11.825,0.03194
11.83,0.0357
11.835,0.03915
11.84,0.04213
11.845,0.04447
11.85,0.0461
11.855,0.0471
11.86,0.04758
11.865,0.04759
11.87,0.0471
11.875,0.04606
11.88,0.04444
11.885,0.04222
11.89,0.03946
11.895,0.03622
11.9,0.03261
11.905,0.0288
11.91,0.025
11.915,0.02131
11.92,0.0178
11.925,0.01453
11.93,0.01159
11.935,0.00908
11.94,0.00712
11.945,0.00583
11.95,0.00538
11.955,0.00592
11.96,0.00751
11.965,0.01021
11.97,0.01394
11.975,0.01855
11.98,0.02386
11.985,0.02965
11.99,0.03566
11.995,0.04163
12,0.04736
12.005,0.05262
12.01,0.0572
12.015,0.06091
12.02,0.06364
12.025,0.06533
12.03,0.066
12.035,0.06577
12.04,0.06491
12.045,0.06369
12.05,0.06227
12.055,0.06076
12.06,0.05923
12.065,0.05781
12.07,0.05659
12.075,0.05557
12.08,0.05471
12.085,0.05394
12.09,0.05318
12.095,0.05239
12.1,0.05155
12.105,0.05075
12.11,0.05007
12.115,0.0495
12.12,0.04899
12.125,0.04849
12.13,0.04797
12.135,0.04743
12.14,0.04681
12.145,0.04606
12.15,0.04514
12.155,0.04406
12.16,0.04283
12.165,0.04153
12.17,0.04032
12.175,0.03931
12.18,0.03844
12.185,0.03759
12.19,0.03663
12.195,0.03546
12.2,0.03404
12.205,0.03239
12.21,0.03048
12.215,0.02831
12.22,0.02586
12.225,0.02321
12.23,0.02045
12.235,0.01766
12.24,0.01486
12.245,0.01201
12.25,0.00907
12.255,0.00602
12.26,0.00284
12.265,-0.00044
12.27,-0.00377
12.275,-0.00707
12.28,-0.01031
12.285,-0.01348
12.29,-0.0165
12.295,-0.01922
12.3,-0.0215
12.305,-0.02326
12.31,-0.02441
12.315,-0.02494
12.32,-0.02485
12.325,-0.02417
12.33,-0.02289
12.335,-0.02107
12.34,-0.01886
12.345,-0.01645
12.35,-0.01403
12.355,-0.01174
12.36,-0.00959
12.365,-0.00757
12.37,-0.00566
12.375,-0.00388
12.38,-0.00223
12.385,-0.00065
12.39,0.001
12.395,0.00275
12.4,0.00456
12.405,0.00635
12.41,0.00804
12.415,0.00961
12.42,0.01103
12.425,0.01232
12.43,0.01354
12.435,0.01484
12.44,0.01626
12.445,0.01785
12.45,0.01964
12.455,0.02164
12.46,0.0239
12.465,0.02649
12.47,0.02951
12.475,0.03286
12.48,0.03632
12.485,0.03963
12.49,0.04251
12.495,0.04474
12.5,0.04619
12.505,0.0468
12.51,0.04658
12.515,0.04561
12.52,0.04395
12.525,0.04173
12.53,0.03909
12.535,0.03613
12.54,0.03292
12.545,0.02952
12.55,0.02599
12.555,0.0224
12.56,0.01883
12.565,0.01532
12.57,0.01191
12.575,0.00865
12.58,0.00566
12.585,0.00303
12.59,0.00082
12.595,-0.00092
12.6,-0.00218
12.605,-0.00303
12.61,-0.00354
12.615,-0.00385
12.62,-0.00405
12.625,-0.00419
12.63,-0.00431
12.635,-0.0044
12.64,-0.00442
12.645,-0.00439
12.65,-0.00432
12.655,-0.00421
12.66,-0.00402
12.665,-0.00368
12.67,-0.00315
12.675,-0.0024
12.68,-0.00147
12.685,-0.00041
12.69,0.0007
12.695,0.00181
12.7,0.00286
12.705,0.00379
12.71,0.00453
12.715,0.00502
12.72,0.00531
12.725,0.00547
12.73,0.00555
12.735,0.00559
12.74,0.00562
12.745,0.00562
12.75,0.00559
12.755,0.00551
12.76,0.00533
12.765,0.00504
12.77,0.00463
12.775,0.00414
12.78,0.00361
12.785,0.00314
12.79,0.00278
12.795,0.00252
12.8,0.00225
12.805,0.00195
12.81,0.00162
12.815,0.0013
12.82,0.00098
12.825,0.0006
12.83,0.00012
12.835,-0.00048
12.84,-0.00121
12.845,-0.00206
12.85,-0.00306
12.855,-0.0042
12.86,-0.00543
12.865,-0.0067
12.87,-0.00798
12.875,-0.00923
12.88,-0.01043
12.885,-0.01157
12.89,-0.01268
12.895,-0.01375
12.9,-0.01483
12.905,-0.01591
12.91,-0.01693
12.915,-0.01787
12.92,-0.01871
12.925,-0.01943
12.93,-0.01995
12.935,-0.02014
12.94,-0.01994
12.945,-0.01936
12.95,-0.0185
12.955,-0.0174
12.96,-0.01608
12.965,-0.01461
12.97,-0.01309
12.975,-0.01171
12.98,-0.01062
12.985,-0.00992
12.99,-0.0096
12.995,-0.00959
13,-0.00982
13.005,-0.01027
13.01,-0.01096
13.015,-0.01187
13.02,-0.01289
13.025,-0.01385
13.03,-0.01465
13.035,-0.01526
13.04,-0.01571
13.045,-0.01602
13.05,-0.0162
13.055,-0.01625
13.06,-0.01617
13.065,-0.01599
13.07,-0.01579
13.075,-0.01558
13.08,-0.01532
13.085,-0.015
13.09,-0.01462
13.095,-0.01422
13.1,-0.01389
13.105,-0.01373
13.11,-0.01387
13.115,-0.01437
13.12,-0.01523
13.125,-0.01637
13.13,-0.01769
13.135,-0.01909
13.14,-0.02049
13.145,-0.02183
13.15,-0.02314
13.155,-0.0245
13.16,-0.02593
13.165,-0.0274
13.17,-0.02888
13.175,-0.03031
13.18,-0.03164
13.185,-0.03285
13.19,-0.03393
13.195,-0.03481
13.2,-0.03538
13.205,-0.03554
13.21,-0.03525
13.215,-0.0345
13.22,-0.03332
13.225,-0.03172
13.23,-0.02971
13.235,-0.02731
13.24,-0.02459
13.245,-0.02165
13.25,-0.01863
13.255,-0.01562
13.26,-0.01272
13.265,-0.01007
13.27,-0.00771
13.275,-0.00559
13.28,-0.00371
13.285,-0.00213
13.29,-0.0009
13.295,-0.00006
13.3,0.00041
13.305,0.0006
13.31,0.00058
13.315,0.00045
13.32,0.00028
13.325,0.00015
13.33,0.00015
13.335,0.00032
13.34,0.00071
13.345,0.00126
13.35,0.00186
13.355,0.00236
13.36,0.00266
13.365,0.00275
13.37,0.00262
13.375,0.00232
13.38,0.00188
13.385,0.00135
13.39,0.00073
13.395,0.00003
13.4,-0.00074
13.405,-0.00149
13.41,-0.0021
13.415,-0.00244
13.42,-0.00241
13.425,-0.00189
13.43,-0.00081
13.435,0.00082
13.44,0.00293
13.445,0.00548
13.45,0.00842
13.455,0.01172
13.46,0.01526
13.465,0.01893
13.47,0.02266
13.475,0.02643
13.48,0.03024
13.485,0.03409
13.49,0.03791
13.495,0.04156
13.5,0.04492
13.505,0.04799
13.51,0.05076
13.515,0.05321
13.52,0.05529
13.525,0.05695
13.53,0.05817
13.535,0.05893
13.54,0.05924
13.545,0.05918
13.55,0.05887
13.555,0.05838
13.56,0.05777
13.565,0.05714
13.57,0.05646
13.575,0.05561
13.58,0.05451
13.585,0.05309
13.59,0.05134
13.595,0.04928
13.6,0.04691
13.605,0.04423
13.61,0.04124
13.615,0.03798
13.62,0.03451
13.625,0.03085
13.63,0.02711
13.635,0.02341
13.64,0.01973
13.645,0.01607
13.65,0.01251
13.655,0.00919
13.66,0.00618
13.665,0.00356
13.67,0.00137
13.675,-0.00036
13.68,-0.00162
13.685,-0.00247
13.69,-0.00303
13.695,-0.00341
13.7,-0.0036
13.705,-0.00358
13.71,-0.00335
13.715,-0.00292
13.72,-0.00228
13.725,-0.00146
13.73,-0.00049
13.735,0.00062
13.74,0.0018
13.745,0.00292
13.75,0.00387
13.755,0.00453
13.76,0.00484
13.765,0.00477
13.77,0.00436
13.775,0.00367
13.78,0.00278
13.785,0.00176
13.79,0.00065
13.795,-0.0006
13.8,-0.00204
13.805,-0.00366
13.81,-0.00544
13.815,-0.0073
13.82,-0.00915
13.825,-0.01082
13.83,-0.01214
13.835,-0.01296
13.84,-0.01322
13.845,-0.01288
13.85,-0.01194
13.855,-0.01048
13.86,-0.00869
13.865,-0.00679
13.87,-0.00489
13.875,-0.00303
13.88,-0.00119
13.885,0.00067
13.89,0.00261
13.895,0.00461
13.9,0.00658
13.905,0.00848
13.91,0.01027
13.915,0.01193
13.92,0.01341
13.925,0.01463
13.93,0.01552
13.935,0.01599
13.94,0.01601
13.945,0.01561
13.95,0.01486
13.955,0.01388
13.96,0.0128
13.965,0.01168
13.97,0.01056
13.975,0.00942
13.98,0.00822
13.985,0.00689
13.99,0.00544
13.995,0.00381
14,0.00196
14.005,-0.00013
14.01,-0.00244
14.015,-0.00499
14.02,-0.0078
14.025,-0.01079
14.03,-0.01382
14.035,-0.01683
14.04,-0.01972
14.045,-0.02239
14.05,-0.02475
14.055,-0.0267
14.06,-0.02823
14.065,-0.02944
14.07,-0.0305
14.075,-0.03152
14.08,-0.03252
14.085,-0.03347
14.09,-0.03438
14.095,-0.03526
14.1,-0.0361
14.105,-0.03685
14.11,-0.03747
14.115,-0.03792
14.12,-0.03814
14.125,-0.0381
14.13,-0.03784
14.135,-0.03741
14.14,-0.03687
14.145,-0.03628
14.15,-0.03569
14.155,-0.03509
14.16,-0.0345
14.165,-0.03391
14.17,-0.03329
14.175,-0.03263
14.18,-0.03191
14.185,-0.03122
14.19,-0.03061
14.195,-0.03012
14.2,-0.02973
14.205,-0.02937
14.21,-0.02895
14.215,-0.02838
14.22,-0.02763
14.225,-0.02666
14.23,-0.02549
14.235,-0.02409
14.24,-0.02241
14.245,-0.02042
14.25,-0.01819
14.255,-0.01584
14.26,-0.01348
14.265,-0.01121
14.27,-0.00906
14.275,-0.00705
14.28,-0.00513
14.285,-0.00322
14.29,-0.00127
14.295,0.00075
14.3,0.0029
14.305,0.00511
14.31,0.00726
14.315,0.00928
14.32,0.01114
14.325,0.0128
14.33,0.01425
14.335,0.01551
14.34,0.01663
14.345,0.01762
14.35,0.01844
14.355,0.0191
14.36,0.01964
14.365,0.02012
14.37,0.02057
14.375,0.02096
14.38,0.02128
14.385,0.02157
14.39,0.02186
14.395,0.02214
14.4,0.02238
14.405,0.02254
14.41,0.02252
14.415,0.02228
14.42,0.02177
14.425,0.02096
14.43,0.01972
14.435,0.018
14.44,0.01572
14.445,0.01286
14.45,0.00937
14.455,0.00524
14.46,0.00058
14.465,-0.00446
14.47,-0.0098
14.475,-0.01536
14.48,-0.02094
14.485,-0.02637
14.49,-0.03152
14.495,-0.03629
14.5,-0.04064
14.505,-0.04461
14.51,-0.04823
14.515,-0.05144
14.52,-0.05419
14.525,-0.05638
14.53,-0.05796
14.535,-0.05888
14.54,-0.05923
14.545,-0.05909
14.55,-0.0585
14.555,-0.05754
14.56,-0.0563
14.565,-0.05489
14.57,-0.05342
14.575,-0.05198
14.58,-0.05055
14.585,-0.04908
14.59,-0.04748
14.595,-0.04575
14.6,-0.04393
14.605,-0.0421
14.61,-0.04029
14.615,-0.03859
14.62,-0.03705
14.625,-0.0357
14.63,-0.03451
14.635,-0.03345
14.64,-0.03251
14.645,-0.03165
14.65,-0.03092
14.655,-0.03033
14.66,-0.02986
14.665,-0.02953
14.67,-0.02941
14.675,-0.0296
14.68,-0.03012
14.685,-0.03099
14.69,-0.03219
14.695,-0.03363
14.7,-0.03524
14.705,-0.03695
14.71,-0.03871
14.715,-0.04048
14.72,-0.04213
14.725,-0.04352
14.73,-0.04453
14.735,-0.04508
14.74,-0.0451
14.745,-0.04459
14.75,-0.04356
14.755,-0.04209
14.76,-0.04029
14.765,-0.03828
14.77,-0.03607
14.775,-0.03364
14.78,-0.03103
14.785,-0.02835
14.79,-0.02567
14.795,-0.02297
14.8,-0.02023
14.805,-0.01746
14.81,-0.0147
14.815,-0.01195
14.82,-0.00924
14.825,-0.00665
14.83,-0.00425
14.835,-0.00206
14.84,-0.00018
14.845,0.00135
14.85,0.00252
14.855,0.00332
14.86,0.00368
14.865,0.00355
14.87,0.00291
14.875,0.00181
14.88,0.00032
14.885,-0.00152
14.89,-0.00367
14.895,-0.0061
14.9,-0.00879
14.905,-0.0117
14.91,-0.0147
14.915,-0.01762
14.92,-0.02028
14.925,-0.02253
14.93,-0.02425
14.935,-0.02531
14.94,-0.02565
14.945,-0.02535
14.95,-0.02456
14.955,-0.0234
14.96,-0.02197
14.965,-0.02032
14.97,-0.01847
14.975,-0.01646
14.98,-0.01431
14.985,-0.01207
14.99,-0.0098
14.995,-0.00755
15,-0.00531
15.005,-0.00303
15.01,-0.00068
15.015,0.00179
15.02,0.00439
15.025,0.00702
15.03,0.00961
15.035,0.01204
15.04,0.01419
15.045,0.01595
15.05,0.01722
15.055,0.01789
15.06,0.01792
15.065,0.01738
15.07,0.01639
15.075,0.01512
15.08,0.01369
15.085,0.01222
15.09,0.01078
15.095,0.00942
15.1,0.00813
15.105,0.00682
15.11,0.00537
15.115,0.00368
15.12,0.00174
15.125,-0.00044
15.13,-0.00285
15.135,-0.00544
15.14,-0.00813
15.145,-0.01077
15.15,-0.01324
15.155,-0.01548
15.16,-0.0175
15.165,-0.01936
15.17,-0.02112
15.175,-0.02284
15.18,-0.02464
15.185,-0.02655
15.19,-0.02854
15.195,-0.03047
15.2,-0.03227
15.205,-0.03394
15.21,-0.03549
15.215,-0.03693
15.22,-0.03834
15.225,-0.03976
15.23,-0.04116
15.235,-0.04249
15.24,-0.04371
15.245,-0.04484
15.25,-0.04585
15.255,-0.0467
15.26,-0.0473
15.265,-0.04762
15.27,-0.04765
15.275,-0.04741
15.28,-0.04692
15.285,-0.0462
15.29,-0.04527
15.295,-0.04414
15.3,-0.04279
15.305,-0.04125
15.31,-0.03958
15.315,-0.03783
15.32,-0.03599
15.325,-0.034
15.33,-0.03183
15.335,-0.02949
15.34,-0.02703
15.345,-0.02447
15.35,-0.02187
15.355,-0.01923
15.36,-0.01657
15.365,-0.01387
15.37,-0.01112
15.375,-0.00832
15.38,-0.00545
15.385,-0.00252
15.39,0.00043
15.395,0.00334
15.4,0.00613
15.405,0.0087
15.41,0.01096
15.415,0.01292
15.42,0.01463
15.425,0.01611
15.43,0.0174
15.435,0.01851
15.44,0.01953
15.445,0.02058
15.45,0.02171
15.455,0.02293
15.46,0.02423
15.465,0.02554
15.47,0.02675
15.475,0.02779
15.48,0.02865
15.485,0.02936
15.49,0.02994
15.495,0.03038
15.5,0.03069
15.505,0.03092
15.51,0.03106
15.515,0.03108
15.52,0.03095
15.525,0.0306
15.53,0.02996
15.535,0.029
15.54,0.02773
15.545,0.02624
15.55,0.02462
15.555,0.023
15.56,0.02141
15.565,0.01988
15.57,0.01838
15.575,0.01692
15.58,0.01549
15.585,0.01409
15.59,0.01275
15.595,0.01149
15.6,0.01036
15.605,0.00941
15.61,0.00866
15.615,0.00811
15.62,0.00773
15.625,0.00747
15.63,0.0073
15.635,0.00719
15.64,0.00715
15.645,0.00723
15.65,0.00746
15.655,0.00788
15.66,0.00851
15.665,0.00934
15.67,0.01027
15.675,0.0112
15.68,0.012
15.685,0.01256
15.69,0.01283
15.695,0.01283
15.7,0.01262
15.705,0.01225
15.71,0.01174
15.715,0.01108
15.72,0.01028
15.725,0.00938
15.73,0.00838
15.735,0.00726
15.74,0.00595
15.745,0.00441
15.75,0.00264
15.755,0.00067
15.76,-0.0015
15.765,-0.00386
15.77,-0.00637
15.775,-0.00897
15.78,-0.01159
15.785,-0.01412
15.79,-0.01644
15.795,-0.01852
15.8,-0.02041
15.805,-0.02215
15.81,-0.02379
15.815,-0.02534
15.82,-0.02676
15.825,-0.02801
15.83,-0.02903
15.835,-0.02983
15.84,-0.03043
15.845,-0.03084
15.85,-0.03108
15.855,-0.03113
15.86,-0.03098
15.865,-0.03054
15.87,-0.02979
15.875,-0.02874
15.88,-0.02739
15.885,-0.02579
15.89,-0.02405
15.895,-0.02229
15.9,-0.02065
15.905,-0.01918
15.91,-0.01785
15.915,-0.01657
15.92,-0.01525
15.925,-0.01386
15.93,-0.0124
15.935,-0.01088
15.94,-0.00935
15.945,-0.00788
15.95,-0.00655
15.955,-0.00538
15.96,-0.00437
15.965,-0.00353
15.97,-0.0029
15.975,-0.00247
15.98,-0.00215
15.985,-0.00183
15.99,-0.00138
15.995,-0.00068
16,0.00034
16.005,0.00175
16.01,0.00359
16.015,0.00585
16.02,0.0084
16.025,0.01112
16.03,0.01387
16.035,0.01648
16.04,0.01888
16.045,0.02109
16.05,0.02318
16.055,0.02517
16.06,0.02706
16.065,0.02884
16.07,0.03055
16.075,0.03226
16.08,0.03404
16.085,0.03589
16.09,0.03774
16.095,0.03955
16.1,0.04135
16.105,0.04314
16.11,0.04486
16.115,0.04641
16.12,0.04771
16.125,0.04873
16.13,0.04946
16.135,0.04991
16.14,0.05017
16.145,0.05036
16.15,0.05065
16.155,0.05115
16.16,0.05192
16.165,0.05287
16.17,0.05391
16.175,0.05497
16.18,0.05598
16.185,0.0569
16.19,0.05771
16.195,0.05839
16.2,0.05894
16.205,0.05946
16.21,0.06007
16.215,0.0608
16.22,0.06159
16.225,0.06237
16.23,0.06311
16.235,0.06387
16.24,0.06466
16.245,0.06551
16.25,0.06643
16.255,0.06741
16.26,0.06837
16.265,0.06915
16.27,0.06963
16.275,0.06973
16.28,0.06947
16.285,0.06885
16.29,0.06795
16.295,0.06685
16.3,0.06554
16.305,0.06386
16.31,0.06164
16.315,0.05866
16.32,0.05477
16.325,0.04987
16.33,0.04399
16.335,0.03722
16.34,0.02973
16.345,0.02167
16.35,0.0132
16.355,0.00441
16.36,-0.00456
16.365,-0.01347
16.37,-0.02208
16.375,-0.03021
16.38,-0.0378
16.385,-0.04478
16.39,-0.05117
16.395,-0.05698
16.4,-0.06226
16.405,-0.06702
16.41,-0.07124
16.415,-0.07493
16.42,-0.07816
16.425,-0.08104
16.43,-0.0837
16.435,-0.08627
16.44,-0.0888
16.445,-0.09127
16.45,-0.09354
16.455,-0.09544
16.46,-0.09682
16.465,-0.0975
16.47,-0.09733
16.475,-0.09619
16.48,-0.09405
16.485,-0.09095
16.49,-0.08695
16.495,-0.08209
16.5,-0.0764
16.505,-0.07002
16.51,-0.06309
16.515,-0.05572
16.52,-0.04796
16.525,-0.03997
16.53,-0.03192
16.535,-0.02401
16.54,-0.01642
16.545,-0.00935
16.55,-0.00296
16.555,0.00262
16.56,0.00734
16.565,0.01114
16.57,0.01397
16.575,0.01579
16.58,0.01659
16.585,0.0165
16.59,0.01568
16.595,0.01429
16.6,0.01249
16.605,0.01036
16.61,0.00797
16.615,0.00537
16.62,0.00255
16.625,-0.00044
16.63,-0.00355
16.635,-0.00675
16.64,-0.01005
16.645,-0.01338
16.65,-0.01664
16.655,-0.01968
16.66,-0.02239
16.665,-0.02464
16.67,-0.02632
16.675,-0.02733
16.68,-0.02758
16.685,-0.02703
16.69,-0.02567
16.695,-0.0235
16.7,-0.02063
16.705,-0.01722
16.71,-0.01345
16.715,-0.00949
16.72,-0.00543
16.725,-0.00129
16.73,0.00295
16.735,0.00723
16.74,0.01144
16.745,0.01556
16.75,0.0196
16.755,0.0235
16.76,0.02715
16.765,0.03047
16.77,0.0334
16.775,0.03594
16.78,0.03818
16.785,0.04022
16.79,0.04221
16.795,0.04423
16.8,0.04636
16.805,0.04867
16.81,0.05117
16.815,0.05375
16.82,0.05623
16.825,0.05837
16.83,0.06
16.835,0.06098
16.84,0.0612
16.845,0.06065
16.85,0.05943
16.855,0.05767
16.86,0.05548
16.865,0.05294
16.87,0.05012
16.875,0.04712
16.88,0.04405
16.885,0.04106
16.89,0.0383
16.895,0.03596
16.9,0.03422
16.905,0.03326
16.91,0.03315
16.915,0.03386
16.92,0.03525
16.925,0.03708
16.93,0.03916
16.935,0.04132
16.94,0.04341
16.945,0.0453
16.95,0.04694
16.955,0.04834
16.96,0.04953
16.965,0.05048
16.97,0.05116
16.975,0.05156
16.98,0.05168
16.985,0.05144
16.99,0.05073
16.995,0.04945
17,0.04756
17.005,0.04507
17.01,0.04208
17.015,0.03871
17.02,0.03508
17.025,0.03127
17.03,0.02743
17.035,0.02374
17.04,0.02027
17.045,0.017
17.05,0.01397
17.055,0.01124
17.06,0.00875
17.065,0.00649
17.07,0.00451
17.075,0.00289
17.08,0.0017
17.085,0.00101
17.09,0.00084
17.095,0.00115
17.1,0.00183
17.105,0.00276
17.11,0.00382
17.115,0.00486
17.12,0.00578
17.125,0.0065
17.13,0.00702
17.135,0.00734
17.14,0.00751
17.145,0.00752
17.15,0.00737
17.155,0.00701
17.16,0.00641
17.165,0.00557
17.17,0.00449
17.175,0.00325
17.18,0.00192
17.185,0.00055
17.19,-0.00085
17.195,-0.00217
17.2,-0.00331
17.205,-0.00417
17.21,-0.00477
17.215,-0.00514
17.22,-0.0053
17.225,-0.00524
17.23,-0.00498
17.235,-0.00458
17.24,-0.00412
17.245,-0.00364
17.25,-0.00314
17.255,-0.00264
17.26,-0.00209
17.265,-0.00147
17.27,-0.00077
17.275,-0.00007
17.28,0.00051
17.285,0.0008
17.29,0.00065
17.295,0.00005
17.3,-0.0009
17.305,-0.00208
17.31,-0.00343
17.315,-0.00489
17.32,-0.00637
17.325,-0.00771
17.33,-0.00874
17.335,-0.00935
17.34,-0.00947
17.345,-0.00916
17.35,-0.00854
17.355,-0.00768
17.36,-0.00666
17.365,-0.00555
17.37,-0.00443
17.375,-0.00329
17.38,-0.00213
17.385,-0.00095
17.39,0.00023
17.395,0.00146
17.4,0.00279
17.405,0.00424
17.41,0.00575
17.415,0.0073
17.42,0.00889
17.425,0.0105
17.43,0.01206
17.435,0.01345
17.44,0.01458
17.445,0.01534
17.45,0.01557
17.455,0.01525
17.46,0.01443
17.465,0.01319
17.47,0.01166
17.475,0.00998
17.48,0.00826
17.485,0.00647
17.49,0.00451
17.495,0.00227
17.5,-0.00023
17.505,-0.00291
17.51,-0.0057
17.515,-0.00853
17.52,-0.01133
17.525,-0.01397
17.53,-0.01639
17.535,-0.01857
17.54,-0.02053
17.545,-0.02228
17.55,-0.02383
17.555,-0.0252
17.56,-0.02645
17.565,-0.02759
17.57,-0.0286
17.575,-0.02958
17.58,-0.03064
17.585,-0.0319
17.59,-0.03337
17.595,-0.03503
17.6,-0.03675
17.605,-0.03851
17.61,-0.04032
17.615,-0.04213
17.62,-0.04387
17.625,-0.04548
17.63,-0.04692
17.635,-0.04815
17.64,-0.04911
17.645,-0.04973
17.65,-0.04999
17.655,-0.04993
17.66,-0.0496
17.665,-0.04908
17.67,-0.04844
17.675,-0.04769
17.68,-0.04681
17.685,-0.04582
17.69,-0.04468
17.695,-0.04339
17.7,-0.04197
17.705,-0.04049
17.71,-0.03898
17.715,-0.03742
17.72,-0.03574
17.725,-0.03382
17.73,-0.0316
17.735,-0.02904
17.74,-0.02617
17.745,-0.02308
17.75,-0.01989
17.755,-0.01672
17.76,-0.01363
17.765,-0.01065
17.77,-0.0078
17.775,-0.00504
17.78,-0.00233
17.785,0.00034
17.79,0.0029
17.795,0.00529
17.8,0.00751
17.805,0.0096
17.81,0.01154
17.815,0.01327
17.82,0.0147
17.825,0.01579
17.83,0.01658
17.835,0.01712
17.84,0.01756
17.845,0.01805
17.85,0.01877
17.855,0.01984
17.86,0.02129
17.865,0.02306
17.87,0.025
17.875,0.02692
17.88,0.02868
17.885,0.03022
17.89,0.03151
17.895,0.03259
17.9,0.0335
17.905,0.03431
17.91,0.03512
17.915,0.03602
17.92,0.037
17.925,0.03798
17.93,0.0388
17.935,0.03932
17.94,0.03945
17.945,0.0391
17.95,0.03816
17.955,0.03659
17.96,0.03438
17.965,0.03161
17.97,0.02837
17.975,0.02477
17.98,0.02101
17.985,0.01723
17.99,0.0135
17.995,0.0098
18,0.0061
18.005,0.00241
18.01,-0.0012
18.015,-0.00466
18.02,-0.00786
18.025,-0.01061
18.03,-0.01278
18.035,-0.01428
18.04,-0.01509
18.045,-0.01522
18.05,-0.01463
18.055,-0.01333
18.06,-0.01136
18.065,-0.0088
18.07,-0.00569
18.075,-0.00216
18.08,0.00165
18.085,0.00561
18.09,0.00959
18.095,0.01353
18.1,0.01737
18.105,0.02107
18.11,0.02464
18.115,0.02807
18.12,0.03139
18.125,0.03454
18.13,0.03751
18.135,0.04026
18.14,0.04277
18.145,0.04499
18.15,0.04687
18.155,0.04838
18.16,0.04952
18.165,0.05027
18.17,0.05062
18.175,0.05055
18.18,0.05005
18.185,0.04908
18.19,0.0476
18.195,0.04559
18.2,0.04301
18.205,0.03985
18.21,0.03611
18.215,0.03181
18.22,0.02696
18.225,0.02166
18.23,0.01613
18.235,0.0106
18.24,0.00528
18.245,0.0003
18.25,-0.00425
18.255,-0.00833
18.26,-0.012
18.265,-0.01532
18.27,-0.01838
18.275,-0.02125
18.28,-0.02396
18.285,-0.02659
18.29,-0.02919
18.295,-0.03172
18.3,-0.03419
18.305,-0.03663
18.31,-0.039
18.315,-0.0412
18.32,-0.04314
18.325,-0.04472
18.33,-0.04584
18.335,-0.04652
18.34,-0.04684
18.345,-0.04686
18.35,-0.04656
18.355,-0.04595
18.36,-0.04502
18.365,-0.04381
18.37,-0.04238
18.375,-0.04078
18.38,-0.03911
18.385,-0.03743
18.39,-0.0358
18.395,-0.03427
18.4,-0.03289
18.405,-0.03176
18.41,-0.03093
18.415,-0.03038
18.42,-0.03005
18.425,-0.02988
18.43,-0.02984
18.435,-0.0299
18.44,-0.03
18.445,-0.03005
18.45,-0.02996
18.455,-0.0297
18.46,-0.0293
18.465,-0.02882
18.47,-0.02831
18.475,-0.02781
18.48,-0.02733
18.485,-0.02684
18.49,-0.02633
18.495,-0.0257
18.5,-0.02488
18.505,-0.02385
18.51,-0.02269
18.515,-0.02153
18.52,-0.02038
18.525,-0.01919
18.53,-0.01793
18.535,-0.01659
18.54,-0.01517
18.545,-0.01365
18.55,-0.01206
18.555,-0.01051
18.56,-0.00908
18.565,-0.0078
18.57,-0.0066
18.575,-0.0054
18.58,-0.00418
18.585,-0.00299
18.59,-0.0019
18.595,-0.00105
18.6,-0.0006
18.605,-0.00065
18.61,-0.00122
18.615,-0.00232
18.62,-0.00392
18.625,-0.00591
18.63,-0.00819
18.635,-0.01059
18.64,-0.01297
18.645,-0.01523
18.65,-0.01737
18.655,-0.01937
18.66,-0.02122
18.665,-0.02291
18.67,-0.02447
18.675,-0.02584
18.68,-0.02696
18.685,-0.02775
18.69,-0.02813
18.695,-0.02812
18.7,-0.02775
18.705,-0.02703
18.71,-0.0259
18.715,-0.02443
18.72,-0.02264
18.725,-0.02046
18.73,-0.01784
18.735,-0.01479
18.74,-0.01134
18.745,-0.00754
18.75,-0.00348
18.755,0.00066
18.76,0.00469
18.765,0.00848
18.77,0.01196
18.775,0.01511
18.78,0.01795
18.785,0.0205
18.79,0.02272
18.795,0.0246
18.8,0.02614
18.805,0.02738
18.81,0.02835
18.815,0.02904
18.82,0.02946
18.825,0.02964
18.83,0.02959
18.835,0.02932
18.84,0.02882
18.845,0.02806
18.85,0.02708
18.855,0.02586
18.86,0.02443
18.865,0.02283
18.87,0.02118
18.875,0.01959
18.88,0.01808
18.885,0.01656
18.89,0.01499
18.895,0.0134
18.9,0.01185
18.905,0.0105
18.91,0.00954
18.915,0.0091
18.92,0.00918
18.925,0.00978
18.93,0.01086
18.935,0.01235
18.94,0.01412
18.945,0.01602
18.95,0.01801
18.955,0.02011
18.96,0.02228
18.965,0.02443
18.97,0.02655
18.975,0.02863
18.98,0.03066
18.985,0.03258
18.99,0.03426
18.995,0.03555
19,0.03635
19.005,0.03665
19.01,0.03651
19.015,0.03603
19.02,0.03523
19.025,0.03412
19.03,0.03272
19.035,0.03099
19.04,0.02891
19.045,0.02642
19.05,0.02355
19.055,0.02035
19.06,0.01692
19.065,0.01338
19.07,0.00988
19.075,0.00659
19.08,0.00358
19.085,0.0009
19.09,-0.00149
19.095,-0.00363
19.1,-0.00559
19.105,-0.00744
19.11,-0.00921
19.115,-0.01091
19.12,-0.01247
19.125,-0.01386
19.13,-0.01508
19.135,-0.01615
19.14,-0.0171
19.145,-0.01795
19.15,-0.01874
19.155,-0.01942
19.16,-0.01996
19.165,-0.02033
19.17,-0.02047
19.175,-0.02032
19.18,-0.01991
19.185,-0.01925
19.19,-0.01841
19.195,-0.01737
19.2,-0.01611
19.205,-0.01457
19.21,-0.01271
19.215,-0.01056
19.22,-0.00815
19.225,-0.00552
19.23,-0.00277
19.235,-0.00003
19.24,0.00259
19.245,0.00505
19.25,0.00736
19.255,0.00954
19.26,0.01158
19.265,0.01351
19.27,0.01543
19.275,0.01743
19.28,0.0196
19.285,0.02195
19.29,0.02444
19.295,0.02696
19.3,0.02943
19.305,0.03176
19.31,0.03386
19.315,0.03567
19.32,0.03717
19.325,0.03829
19.33,0.03904
19.335,0.03946
19.34,0.0396
19.345,0.03949
19.35,0.03919
19.355,0.03876
19.36,0.03817
19.365,0.03742
19.37,0.03651
19.375,0.03549
19.38,0.03442
19.385,0.03335
19.39,0.03232
19.395,0.03137
19.4,0.03058
19.405,0.03
19.41,0.02961
19.415,0.02935
19.42,0.02916
19.425,0.02904
19.43,0.029
19.435,0.02909
19.44,0.02935
19.445,0.02984
19.45,0.03062
19.455,0.03168
19.46,0.033
19.465,0.03449
19.47,0.03608
19.475,0.0377
19.48,0.03927
19.485,0.04081
19.49,0.04232
19.495,0.04377
19.5,0.04515
19.505,0.04647
19.51,0.04781
19.515,0.04921
19.52,0.05069
19.525,0.05219
19.53,0.05361
19.535,0.05485
19.54,0.05585
19.545,0.05659
19.55,0.05703
19.555,0.0572
19.56,0.05711
19.565,0.05674
19.57,0.05609
19.575,0.05514
19.58,0.0539
19.585,0.05234
19.59,0.05044
19.595,0.04815
19.6,0.04547
19.605,0.04242
19.61,0.03906
19.615,0.03542
19.62,0.03154
19.625,0.02741
19.63,0.02309
19.635,0.01861
19.64,0.014
19.645,0.00931
19.65,0.00468
19.655,0.00021
19.66,-0.00405
19.665,-0.00806
19.67,-0.01177
19.675,-0.0151
19.68,-0.01805
19.685,-0.02066
19.69,-0.02299
19.695,-0.02505
19.7,-0.02689
19.705,-0.02849
19.71,-0.02985
19.715,-0.031
19.72,-0.03202
19.725,-0.033
19.73,-0.03402
19.735,-0.03515
19.74,-0.0364
19.745,-0.03769
19.75,-0.03895
19.755,-0.04001
19.76,-0.04071
19.765,-0.04098
19.77,-0.04087
19.775,-0.0405
19.78,-0.04006
19.785,-0.03971
19.79,-0.03959
19.795,-0.03973
19.8,-0.04007
19.805,-0.04056
19.81,-0.04116
19.815,-0.04179
19.82,-0.04237
19.825,-0.04281
19.83,-0.04314
19.835,-0.04346
19.84,-0.04382
19.845,-0.04423
19.85,-0.04464
19.855,-0.04505
19.86,-0.04545
19.865,-0.04587
19.87,-0.0463
19.875,-0.04677
19.88,-0.04727
19.885,-0.04775
19.89,-0.04812
19.895,-0.04839
19.9,-0.04857
19.905,-0.04871
19.91,-0.04877
19.915,-0.04874
19.92,-0.04865
19.925,-0.04855
19.93,-0.0484
19.935,-0.04814
19.94,-0.04771
19.945,-0.04707
19.95,-0.04617
19.955,-0.04493
19.96,-0.0433
19.965,-0.04128
19.97,-0.03885
19.975,-0.03605
19.98,-0.03294
19.985,-0.02956
19.99,-0.02592
19.995,-0.022
20,-0.01781
20.005,-0.01344
20.01,-0.00905
20.015,-0.0048
20.02,-0.00079
20.025,0.00297
20.03,0.0065
20.035,0.00981
20.04,0.0129
20.045,0.01577
20.05,0.01846
20.055,0.02095
20.06,0.02324
20.065,0.02531
20.07,0.02719
20.075,0.02892
20.08,0.03057
20.085,0.03219
20.09,0.03376
20.095,0.03526
20.1,0.03656
20.105,0.03751
20.11,0.03805
20.115,0.03826
20.12,0.03815
20.125,0.03776
20.13,0.0371
20.135,0.0362
20.14,0.0351
20.145,0.03381
20.15,0.03234
20.155,0.03075
20.16,0.02903
20.165,0.02722
20.17,0.02538
20.175,0.02366
20.18,0.02214
20.185,0.02092
20.19,0.02007
20.195,0.01958
20.2,0.01944
20.205,0.01962
20.21,0.02014
20.215,0.02098
20.22,0.02207
20.225,0.02333
20.23,0.02458
20.235,0.02567
20.24,0.02649
20.245,0.02699
20.25,0.0272
20.255,0.02709
20.26,0.02663
20.265,0.02581
20.27,0.02464
20.275,0.02314
20.28,0.02143
20.285,0.01959
20.29,0.0177
20.295,0.01576
20.3,0.01372
20.305,0.01149
20.31,0.00904
20.315,0.00647
20.32,0.00383
20.325,0.00122
20.33,-0.00131
20.335,-0.0037
20.34,-0.00593
20.345,-0.00801
20.35,-0.01
20.355,-0.01198
20.36,-0.01404
20.365,-0.01619
20.37,-0.01839
20.375,-0.02058
20.38,-0.02269
20.385,-0.02463
20.39,-0.02629
20.395,-0.02763
20.4,-0.02869
20.405,-0.0296
20.41,-0.03047
20.415,-0.03143
20.42,-0.03256
20.425,-0.03392
20.43,-0.0355
20.435,-0.0372
20.44,-0.0389
20.445,-0.04045
20.45,-0.04171
20.455,-0.04263
20.46,-0.04322
20.465,-0.0435
20.47,-0.04352
20.475,-0.04334
20.48,-0.04307
20.485,-0.04281
20.49,-0.0426
20.495,-0.04248
20.5,-0.04245
20.505,-0.04254
20.51,-0.04275
20.515,-0.04307
20.52,-0.04349
20.525,-0.04398
20.53,-0.04446
20.535,-0.04487
20.54,-0.04515
20.545,-0.04535
20.55,-0.04556
20.555,-0.04573
20.56,-0.04582
20.565,-0.04588
20.57,-0.04589
20.575,-0.0458
20.58,-0.04552
20.585,-0.04504
20.59,-0.04438
20.595,-0.04354
20.6,-0.04249
20.605,-0.04116
20.61,-0.03951
20.615,-0.03756
20.62,-0.03538
20.625,-0.03305
20.63,-0.0306
20.635,-0.02805
20.64,-0.02541
20.645,-0.02272
20.65,-0.02002
20.655,-0.01734
20.66,-0.01462
20.665,-0.01185
20.67,-0.00904
20.675,-0.00629
20.68,-0.00368
20.685,-0.0013
20.69,0.00075
20.695,0.00238
20.7,0.00358
20.705,0.00446
20.71,0.00513
20.715,0.00572
20.72,0.00641
20.725,0.00727
20.73,0.00834
20.735,0.00955
20.74,0.01082
20.745,0.01202
20.75,0.01305
20.755,0.0138
20.76,0.01421
20.765,0.01427
20.77,0.01402
20.775,0.01354
20.78,0.01288
20.785,0.01207
20.79,0.01112
20.795,0.01007
20.8,0.009
20.805,0.00801
20.81,0.00713
20.815,0.00633
20.82,0.00562
20.825,0.00501
20.83,0.00452
20.835,0.00415
20.84,0.00393
20.845,0.00385
20.85,0.00385
20.855,0.00391
20.86,0.00402
20.865,0.00419
20.87,0.00449
20.875,0.00501
20.88,0.00575
20.885,0.00663
20.89,0.00756
20.895,0.00852
20.9,0.0095
20.905,0.01049
20.91,0.01143
20.915,0.01227
20.92,0.01291
20.925,0.01323
20.93,0.01314
20.935,0.0126
20.94,0.01166
20.945,0.0104
20.95,0.00885
20.955,0.00706
20.96,0.00505
20.965,0.00288
20.97,0.00057
20.975,-0.00187
20.98,-0.0044
20.985,-0.00694
20.99,-0.0094
20.995,-0.0117
21,-0.01378
21.005,-0.0156
21.01,-0.01717
21.015,-0.01854
21.02,-0.01979
21.025,-0.02092
21.03,-0.02187
21.035,-0.02258
21.04,-0.02301
21.045,-0.02315
21.05,-0.02305
21.055,-0.02278
21.06,-0.02235
21.065,-0.02181
21.07,-0.02126
21.075,-0.02079
21.08,-0.02043
21.085,-0.02013
21.09,-0.0198
21.095,-0.01938
21.1,-0.01879
21.105,-0.01802
21.11,-0.01709
21.115,-0.01608
21.12,-0.01502
21.125,-0.01396
21.13,-0.01292
21.135,-0.01196
21.14,-0.01113
21.145,-0.0104
21.15,-0.0097
21.155,-0.00896
21.16,-0.00821
21.165,-0.00747
21.17,-0.00676
21.175,-0.0061
21.18,-0.00545
21.185,-0.00479
21.19,-0.00417
21.195,-0.00364
21.2,-0.0033
21.205,-0.00316
21.21,-0.0032
21.215,-0.00332
21.22,-0.00343
21.225,-0.00348
21.23,-0.00345
21.235,-0.00334
21.24,-0.00314
21.245,-0.00285
21.25,-0.0025
21.255,-0.00206
21.26,-0.00149
21.265,-0.00082
21.27,-0.00014
21.275,0.00053
21.28,0.00122
21.285,0.00197
21.29,0.00283
21.295,0.00384
21.3,0.00504
21.305,0.00644
21.31,0.008
21.315,0.00962
21.32,0.01123
21.325,0.01278
21.33,0.01427
21.335,0.01571
21.34,0.01706
21.345,0.0183
21.35,0.01936
21.355,0.02016
21.36,0.02057
21.365,0.02047
21.37,0.01987
21.375,0.01884
21.38,0.0175
21.385,0.01595
21.39,0.01429
21.395,0.01262
21.4,0.01099
21.405,0.00943
21.41,0.00799
21.415,0.00675
21.42,0.00573
21.425,0.00493
21.43,0.0043
21.435,0.00384
21.44,0.00354
21.445,0.0034
21.45,0.00336
21.455,0.00336
21.46,0.00338
21.465,0.00338
21.47,0.00332
21.475,0.00318
21.48,0.00292
21.485,0.00254
21.49,0.00205
21.495,0.00148
21.5,0.00086
21.505,0.00021
21.51,-0.00048
21.515,-0.00119
21.52,-0.00189
21.525,-0.00258
21.53,-0.00322
21.535,-0.00371
21.54,-0.00397
21.545,-0.00392
21.55,-0.00361
21.555,-0.00312
21.56,-0.0025
21.565,-0.0018
21.57,-0.00109
21.575,-0.00038
21.58,0.00031
21.585,0.00098
21.59,0.00161
21.595,0.00225
21.6,0.0029
21.605,0.00358
21.61,0.00434
21.615,0.00521
21.62,0.00621
21.625,0.00735
21.63,0.00867
21.635,0.01021
21.64,0.01195
21.645,0.01382
21.65,0.01573
21.655,0.01761
21.66,0.01939
21.665,0.021
21.67,0.02243
21.675,0.0237
21.68,0.02483
21.685,0.02586
21.69,0.02682
21.695,0.02774
21.7,0.02864
21.705,0.02945
21.71,0.03011
21.715,0.03056
21.72,0.0308
21.725,0.03082
21.73,0.03063
21.735,0.03021
21.74,0.02958
21.745,0.02873
21.75,0.02767
21.755,0.02638
21.76,0.0248
21.765,0.02287
21.77,0.02057
21.775,0.01793
21.78,0.01498
21.785,0.0117
21.79,0.00814
21.795,0.00441
21.8,0.00062
21.805,-0.0031
21.81,-0.00662
21.815,-0.00987
21.82,-0.01284
21.825,-0.01556
21.83,-0.01803
21.835,-0.02033
21.84,-0.02251
21.845,-0.02454
21.85,-0.0264
21.855,-0.02805
21.86,-0.02941
21.865,-0.03044
21.87,-0.03115
21.875,-0.03157
21.88,-0.03177
21.885,-0.0318
21.89,-0.03168
21.895,-0.03143
21.9,-0.03107
21.905,-0.03062
21.91,-0.03012
21.915,-0.02965
21.92,-0.02927
21.925,-0.02903
21.93,-0.02892
21.935,-0.02885
21.94,-0.0287
21.945,-0.02843
21.95,-0.02808
21.955,-0.02773
21.96,-0.0275
21.965,-0.0275
21.97,-0.0278
21.975,-0.0284
21.98,-0.02924
21.985,-0.03022
21.99,-0.03123
21.995,-0.03216
22,-0.03301
22.005,-0.03373
22.01,-0.03429
22.015,-0.03467
22.02,-0.0349
22.025,-0.03497
22.03,-0.03491
22.035,-0.03478
22.04,-0.03455
22.045,-0.03416
22.05,-0.03355
22.055,-0.03274
22.06,-0.0318
22.065,-0.03076
22.07,-0.0296
22.075,-0.02834
22.08,-0.02708
22.085,-0.0259
22.09,-0.02493
22.095,-0.02431
22.1,-0.02399
22.105,-0.02387
22.11,-0.02388
22.115,-0.02395
22.12,-0.024
22.125,-0.02397
22.13,-0.02389
22.135,-0.02383
22.14,-0.02385
22.145,-0.02401
22.15,-0.02432
22.155,-0.02468
22.16,-0.02496
22.165,-0.02504
22.17,-0.02491
22.175,-0.02465
22.18,-0.02426
22.185,-0.02378
22.19,-0.02323
22.195,-0.02268
22.2,-0.02217
22.205,-0.02171
22.21,-0.02122
22.215,-0.02059
22.22,-0.01973
22.225,-0.01866
22.23,-0.01741
22.235,-0.01602
22.24,-0.01453
22.245,-0.01298
22.25,-0.01145
22.255,-0.01
22.26,-0.00869
22.265,-0.00752
22.27,-0.00647
22.275,-0.00555
22.28,-0.0048
22.285,-0.00427
22.29,-0.00394
22.295,-0.00381
22.3,-0.00385
22.305,-0.00406
22.31,-0.00443
22.315,-0.00495
22.32,-0.00558
22.325,-0.00626
22.33,-0.00691
22.335,-0.0075
22.34,-0.00805
22.345,-0.00863
22.35,-0.00933
22.355,-0.01019
22.36,-0.01123
22.365,-0.01238
22.37,-0.01359
22.375,-0.01479
22.38,-0.01594
22.385,-0.01696
22.39,-0.01785
22.395,-0.01858
22.4,-0.01916
22.405,-0.01959
22.41,-0.01985
22.415,-0.01997
22.42,-0.02001
22.425,-0.02001
22.43,-0.02001
22.435,-0.02004
22.44,-0.02013
22.445,-0.02029
22.45,-0.0205
22.455,-0.02075
22.46,-0.021
22.465,-0.02119
22.47,-0.02129
22.475,-0.02129
22.48,-0.02123
22.485,-0.02109
22.49,-0.02086
22.495,-0.02056
22.5,-0.02022
22.505,-0.01981
22.51,-0.01931
22.515,-0.01872
22.52,-0.01805
22.525,-0.01733
22.53,-0.01656
22.535,-0.01578
22.54,-0.01503
22.545,-0.01438
22.55,-0.01388
22.555,-0.0136
22.56,-0.01364
22.565,-0.01399
22.57,-0.01466
22.575,-0.01558
22.58,-0.01668
22.585,-0.01788
22.59,-0.01918
22.595,-0.02058
22.6,-0.02203
22.605,-0.02346
22.61,-0.02476
22.615,-0.02585
22.62,-0.0266
22.625,-0.02694
22.63,-0.02681
22.635,-0.0262
22.64,-0.02512
22.645,-0.02361
22.65,-0.02177
22.655,-0.01972
22.66,-0.01754
22.665,-0.01527
22.67,-0.01289
22.675,-0.01037
22.68,-0.00769
22.685,-0.00493
22.69,-0.00225
22.695,0.00021
22.7,0.00236
22.705,0.00416
22.71,0.00562
22.715,0.0068
22.72,0.00777
22.725,0.00854
22.73,0.00911
22.735,0.00954
22.74,0.00988
22.745,0.01021
22.75,0.01057
22.755,0.01099
22.76,0.01145
22.765,0.012
22.77,0.01262
22.775,0.01323
22.78,0.01372
22.785,0.01407
22.79,0.01429
22.795,0.01442
22.8,0.01452
22.805,0.0146
22.81,0.0147
22.815,0.0148
22.82,0.01488
22.825,0.01487
22.83,0.01472
22.835,0.01434
22.84,0.01367
22.845,0.01269
22.85,0.01141
22.855,0.00995
22.86,0.00842
22.865,0.00689
22.87,0.0054
22.875,0.00396
22.88,0.0026
22.885,0.00135
22.89,0.00024
22.895,-0.00067
22.9,-0.00129
22.905,-0.00159
22.91,-0.00167
22.915,-0.00165
22.92,-0.00162
22.925,-0.00153
22.93,-0.00138
22.935,-0.00121
22.94,-0.00114
22.945,-0.00122
22.95,-0.00141
22.955,-0.00163
22.96,-0.00182
22.965,-0.00189
22.97,-0.00174
22.975,-0.00143
22.98,-0.001
22.985,-0.00048
22.99,0.00008
22.995,0.00067
23,0.0013
23.005,0.00198
23.01,0.00269
23.015,0.00338
23.02,0.00404
23.025,0.00467
23.03,0.00534
23.035,0.00612
23.04,0.00706
23.045,0.00813
23.05,0.00926
23.055,0.01035
23.06,0.01134
23.065,0.01217
23.07,0.01283
23.075,0.01333
23.08,0.01376
23.085,0.01418
23.09,0.01458
23.095,0.0149
23.1,0.0151
23.105,0.01513
23.11,0.01495
23.115,0.01451
23.12,0.01382
23.125,0.01299
23.13,0.01215
23.135,0.01138
23.14,0.01074
23.145,0.01022
23.15,0.00977
23.155,0.00934
23.16,0.00891
23.165,0.00849
23.17,0.00812
23.175,0.00787
23.18,0.00779
23.185,0.00788
23.19,0.00812
23.195,0.00847
23.2,0.00887
23.205,0.00926
23.21,0.00954
23.215,0.0097
23.22,0.00976
23.225,0.00976
23.23,0.00974
23.235,0.00973
23.24,0.00979
23.245,0.00996
23.25,0.01027
23.255,0.01072
23.26,0.01129
23.265,0.01192
23.27,0.01256
23.275,0.01319
23.28,0.0138
23.285,0.0144
23.29,0.01501
23.295,0.01569
23.3,0.01649
23.305,0.01745
23.31,0.01861
23.315,0.01997
23.32,0.02146
23.325,0.023
23.33,0.02447
23.335,0.02577
23.34,0.0268
23.345,0.0275
23.35,0.02793
23.355,0.02823
23.36,0.02849
23.365,0.02882
23.37,0.02928
23.375,0.02986
23.38,0.03054
23.385,0.03124
23.39,0.03188
23.395,0.03245
23.4,0.03295
23.405,0.03344
23.41,0.03395
23.415,0.03447
23.42,0.03496
23.425,0.03536
23.43,0.03564
23.435,0.03585
23.44,0.03606
23.445,0.03625
23.45,0.03636
23.455,0.03634
23.46,0.0361
23.465,0.03565
23.47,0.03505
23.475,0.03443
23.48,0.03388
23.485,0.03339
23.49,0.03288
23.495,0.03229
23.5,0.03157
23.505,0.03073
23.51,0.02981
23.515,0.02884
23.52,0.02786
23.525,0.02685
23.53,0.02577
23.535,0.02459
23.54,0.02326
23.545,0.02182
23.55,0.02034
23.555,0.01889
23.56,0.01755
23.565,0.01636
23.57,0.01531
23.575,0.01437
23.58,0.01357
23.585,0.0129
23.59,0.01232
23.595,0.01178
23.6,0.01124
23.605,0.01068
23.61,0.01017
23.615,0.00975
23.62,0.00946
23.625,0.00931
23.63,0.00929
23.635,0.00937
23.64,0.00945
23.645,0.00945
23.65,0.00937
23.655,0.00922
23.66,0.00902
23.665,0.0088
23.67,0.0086
23.675,0.00838
23.68,0.00815
23.685,0.00797
23.69,0.00787
23.695,0.00783
23.7,0.0078
23.705,0.00779
23.71,0.00779
23.715,0.00784
23.72,0.00801
23.725,0.0083
23.73,0.00862
23.735,0.00896
23.74,0.00937
23.745,0.00984
23.75,0.0103
23.755,0.01075
23.76,0.01121
23.765,0.01167
23.77,0.01218
23.775,0.01281
23.78,0.01361
23.785,0.01457
23.79,0.01561
23.795,0.01667
23.8,0.01765
23.805,0.01851
23.81,0.01921
23.815,0.01978
23.82,0.02024
23.825,0.02061
23.83,0.02092
23.835,0.0212
23.84,0.02141
23.845,0.02148
23.85,0.02135
23.855,0.02103
23.86,0.02058
23.865,0.02011
23.87,0.01981
23.875,0.01979
23.88,0.02008
23.885,0.02063
23.89,0.02132
23.895,0.02204
23.9,0.0226
23.905,0.02292
23.91,0.02292
23.915,0.02262
23.92,0.02208
23.925,0.02135
23.93,0.02044
23.935,0.01939
23.94,0.01822
23.945,0.017
23.95,0.01577
23.955,0.01452
23.96,0.01327
23.965,0.01202
23.97,0.01077
23.975,0.00952
23.98,0.00835
23.985,0.00733
23.99,0.00655
23.995,0.00597
24,0.00551
24.005,0.00506
24.01,0.00453
24.015,0.00382
24.02,0.00288
24.025,0.00181
24.03,0.00083
24.035,0.00006
24.04,-0.0006
24.045,-0.00118
24.05,-0.00167
24.055,-0.0021
24.06,-0.00252
24.065,-0.00292
24.07,-0.0033
24.075,-0.00362
24.08,-0.00388
24.085,-0.00411
24.09,-0.00431
24.095,-0.00447
24.1,-0.00458
24.105,-0.0046
24.11,-0.00453
24.115,-0.00438
24.12,-0.00423
24.125,-0.00409
24.13,-0.00396
24.135,-0.00383
24.14,-0.00372
24.145,-0.00362
24.15,-0.00355
24.155,-0.00352
24.16,-0.00354
24.165,-0.00361
24.17,-0.00369
24.175,-0.00369
24.18,-0.00348
24.185,-0.00297
24.19,-0.00218
24.195,-0.00115
24.2,0.00003
24.205,0.00125
24.21,0.00236
24.215,0.00319
24.22,0.00364
24.225,0.0037
24.23,0.00341
24.235,0.00292
24.24,0.00243
24.245,0.00211
24.25,0.00194
24.255,0.00195
24.26,0.00215
24.265,0.00246
24.27,0.00279
24.275,0.00308
24.28,0.00327
24.285,0.00332
24.29,0.00317
24.295,0.00275
24.3,0.00205
24.305,0.00106
24.31,-0.00014
24.315,-0.00144
24.32,-0.00276
24.325,-0.00411
24.33,-0.00555
24.335,-0.00702
24.34,-0.00835
24.345,-0.00941
24.35,-0.01018
24.355,-0.0107
24.36,-0.01107
24.365,-0.01136
24.37,-0.0117
24.375,-0.01214
24.38,-0.01274
24.385,-0.01355
24.39,-0.01468
24.395,-0.0162
24.4,-0.01811
24.405,-0.02032
24.41,-0.02266
24.415,-0.02482
24.42,-0.02666
24.425,-0.0282
24.43,-0.02946
24.435,-0.03048
24.44,-0.03139
24.445,-0.03231
24.45,-0.03327
24.455,-0.03421
24.46,-0.03509
24.465,-0.03583
24.47,-0.03066
24.475,-0.03095
24.48,-0.03085
24.485,-0.03023
24.49,-0.02889
24.495,-0.02665
24.5,-0.02351
24.505,-0.01966
24.51,-0.01539
24.515,-0.01107
24.52,-0.00704
24.525,-0.00354
24.53,-0.0007
24.535,0.00151
24.54,0.00325
24.545,0.0047
24.55,0.00594
24.555,0.00697
24.56,0.0078
24.565,0.00857
24.57,0.00939
24.575,0.01037
24.58,0.01157
24.585,0.013
24.59,0.01466
24.595,0.01645
24.6,0.01824
24.605,0.01992
24.61,0.0214
24.615,0.0226
24.62,0.02344
24.625,0.02399
24.63,0.02442
24.635,0.02494
24.64,0.02555
24.645,0.02616
24.65,0.02664
24.655,0.02684
24.66,0.02663
24.665,0.02593
24.67,0.02469
24.675,0.02295
24.68,0.02077
24.685,0.01829
24.69,0.0157
24.695,0.0132
24.7,0.01098
24.705,0.00913
24.71,0.00762
24.715,0.00638
24.72,0.00543
24.725,0.00481
24.73,0.00448
24.735,0.0043
24.74,0.00417
24.745,0.00402
24.75,0.00382
24.755,0.00357
24.76,0.0033
24.765,0.00308
24.77,0.00298
24.775,0.00307
24.78,0.00335
24.785,0.00379
24.79,0.00434
24.795,0.00502
24.8,0.00593
24.805,0.00721
24.81,0.00896
24.815,0.01106
24.82,0.01335
24.825,0.01561
24.83,0.01761
24.835,0.0192
24.84,0.02039
24.845,0.02124
24.85,0.02177
24.855,0.022
24.86,0.022
24.865,0.02178
24.87,0.02134
24.875,0.02075
24.88,0.02015
24.885,0.01983
24.89,0.02011
24.895,0.02117
24.9,0.0229
24.905,0.02488
24.91,0.02668
24.915,0.0281
24.92,0.02912
24.925,0.02979
24.93,0.0301
24.935,0.03013
24.94,0.02997
24.945,0.02974
24.95,0.02953
24.955,0.02942
24.96,0.02945
24.965,0.02963
24.97,0.02993
24.975,0.03028
24.98,0.03059
24.985,0.03079
24.99,0.03085
24.995,0.03074
25,0.03048
25.005,0.03013
25.01,0.02977
25.015,0.02942
25.02,0.02907
25.025,0.02873
25.03,0.02841
25.035,0.02811
25.04,0.02785
25.045,0.02763
25.05,0.0275
25.055,0.02747
25.06,0.02757
25.065,0.0278
25.07,0.02813
25.075,0.02851
25.08,0.02885
25.085,0.02908
25.09,0.02918
25.095,0.02917
25.1,0.02912
25.105,0.02908
25.11,0.02908
25.115,0.02913
25.12,0.0292
25.125,0.02921
25.13,0.02908
25.135,0.02873
25.14,0.02814
25.145,0.02731
25.15,0.02626
25.155,0.02505
25.16,0.02371
25.165,0.02227
25.17,0.02075
25.175,0.01914
25.18,0.01742
25.185,0.0156
25.19,0.01368
25.195,0.01173
25.2,0.00982
25.205,0.00806
25.21,0.0065
25.215,0.00511
25.22,0.00392
25.225,0.00296
25.23,0.00221
25.235,0.00162
25.24,0.00119
25.245,0.00088
25.25,0.00062
25.255,0.0004
25.26,0.00019
25.265,-0.00001
25.27,-0.00018
25.275,-0.00032
25.28,-0.0004
25.285,-0.0004
25.29,-0.00034
25.295,-0.00023
25.3,-0.00012
25.305,-0.00008
25.31,-0.0002
25.315,-0.00053
25.32,-0.00109
25.325,-0.00183
25.33,-0.00265
25.335,-0.00351
25.34,-0.00434
25.345,-0.0051
25.35,-0.00577
25.355,-0.0063
25.36,-0.00673
25.365,-0.00716
25.37,-0.00767
25.375,-0.00825
25.38,-0.00885
25.385,-0.00936
25.39,-0.00976
25.395,-0.01001
25.4,-0.01015
25.405,-0.0102
25.41,-0.01018
25.415,-0.01011
25.42,-0.00998
25.425,-0.00976
25.43,-0.00949
25.435,-0.00924
25.44,-0.00904
25.445,-0.00883
25.45,-0.00854
25.455,-0.00815
25.46,-0.00761
25.465,-0.00691
25.47,-0.00604
25.475,-0.00503
25.48,-0.00393
25.485,-0.00283
25.49,-0.00186
25.495,-0.00108
25.5,-0.00052
25.505,-0.00024
25.51,-0.00029
25.515,-0.00065
25.52,-0.00132
25.525,-0.00229
25.53,-0.0035
25.535,-0.00488
25.54,-0.00632
25.545,-0.00778
25.55,-0.00918
25.555,-0.01048
25.56,-0.01168
25.565,-0.01282
25.57,-0.01391
25.575,-0.01499
25.58,-0.01607
25.585,-0.01712
25.59,-0.01812
25.595,-0.01905
25.6,-0.01991
25.605,-0.0207
25.61,-0.02147
25.615,-0.02222
25.62,-0.02293
25.625,-0.02357
25.63,-0.02411
25.635,-0.02455
25.64,-0.02482
25.645,-0.02488
25.65,-0.02472
25.655,-0.02435
25.66,-0.0238
25.665,-0.02307
25.67,-0.02225
25.675,-0.02143
25.68,-0.02066
25.685,-0.02
25.69,-0.01945
25.695,-0.01899
25.7,-0.01851
25.705,-0.01794
25.71,-0.01728
25.715,-0.01657
25.72,-0.01582
25.725,-0.01505
25.73,-0.01431
25.735,-0.01366
25.74,-0.01312
25.745,-0.01272
25.75,-0.01248
25.755,-0.01243
25.76,-0.01255
25.765,-0.01278
25.77,-0.01302
25.775,-0.01321
25.78,-0.01331
25.785,-0.01338
25.79,-0.01346
25.795,-0.01363
25.8,-0.01384
25.805,-0.01407
25.81,-0.01433
25.815,-0.01464
25.82,-0.015
25.825,-0.01538
25.83,-0.01575
25.835,-0.01604
25.84,-0.01624
25.845,-0.01636
25.85,-0.01644
25.855,-0.01653
25.86,-0.01663
25.865,-0.01678
25.87,-0.01695
25.875,-0.01713
25.88,-0.01729
25.885,-0.01741
25.89,-0.01749
25.895,-0.01751
25.9,-0.01749
25.905,-0.01745
25.91,-0.0174
25.915,-0.01733
25.92,-0.01725
25.925,-0.01717
25.93,-0.01709
25.935,-0.01701
25.94,-0.01693
25.945,-0.01688
25.95,-0.01688
25.955,-0.01689
25.96,-0.01689
25.965,-0.01687
25.97,-0.01683
25.975,-0.01675
25.98,-0.01664
25.985,-0.01648
25.99,-0.01629
25.995,-0.0161
26,-0.01595
26.005,-0.01589
26.01,-0.01589
26.015,-0.01594
26.02,-0.016
26.025,-0.01603
26.03,-0.01604
26.035,-0.01605
26.04,-0.01608
26.045,-0.01614
26.05,-0.01622
26.055,-0.01631
26.06,-0.01639
26.065,-0.01645
26.07,-0.01649
26.075,-0.01652
26.08,-0.01654
26.085,-0.01657
26.09,-0.01659
26.095,-0.01659
26.1,-0.01656
26.105,-0.01652
26.11,-0.01649
26.115,-0.01649
26.12,-0.01654
26.125,-0.01663
26.13,-0.01673
26.135,-0.01682
26.14,-0.01689
26.145,-0.01692
26.15,-0.0169
26.155,-0.01683
26.16,-0.01672
26.165,-0.01657
26.17,-0.01639
26.175,-0.01619
26.18,-0.01597
26.185,-0.01576
26.19,-0.01555
26.195,-0.01535
26.2,-0.01514
26.205,-0.01496
26.21,-0.0148
26.215,-0.01466
26.22,-0.01454
26.225,-0.01442
26.23,-0.0143
26.235,-0.01417
26.24,-0.01403
26.245,-0.01387
26.25,-0.01368
26.255,-0.01344
26.26,-0.01316
26.265,-0.01284
26.27,-0.01251
26.275,-0.01216
26.28,-0.01181
26.285,-0.01147
26.29,-0.01113
26.295,-0.01081
26.3,-0.01051
26.305,-0.01022
26.31,-0.00994
26.315,-0.00966
26.32,-0.00938
26.325,-0.00908
26.33,-0.00877
26.335,-0.00844
26.34,-0.00812
26.345,-0.00781
26.35,-0.00752
26.355,-0.00723
26.36,-0.00696
26.365,-0.00669
26.37,-0.00642
26.375,-0.00615
26.38,-0.00586
26.385,-0.00556
26.39,-0.00526
26.395,-0.00496
26.4,-0.00466
26.405,-0.00436
26.41,-0.00408
26.415,-0.00379
26.42,-0.00352
26.425,-0.00326
26.43,-0.00301
26.435,-0.00277
26.44,-0.00254
26.445,-0.00231
26.45,-0.00209
26.455,-0.00186
26.46,-0.00163
26.465,-0.00139
26.47,-0.00115
26.475,-0.0009
26.48,-0.00065
26.485,-0.00041
26.49,-0.00016
26.495,0.00008
26.5,0.00031
26.505,0.00053
26.51,0.00075
26.515,0.00095
26.52,0.00114
26.525,0.00131
26.53,0.00147
26.535,0.00162
26.54,0.00177
26.545,0.00192
26.55,0.00207
26.555,0.00221
26.56,0.00235
26.565,0.00249
26.57,0.00262
26.575,0.00274
26.58,0.00286
26.585,0.00297
26.59,0.00308
26.595,0.00319
26.6,0.0033
26.605,0.00341
26.61,0.0035
26.615,0.00359
26.62,0.00368
26.625,0.00376
26.63,0.00384
26.635,0.00392
26.64,0.00399
26.645,0.00406
26.65,0.00413
26.655,0.00418
26.66,0.00423
26.665,0.00428
26.67,0.00431
26.675,0.00435
26.68,0.00439
26.685,0.00442
26.69,0.00446
26.695,0.00449
26.7,0.00452
26.705,0.00455
26.71,0.00457
26.715,0.00459
26.72,0.00461
26.725,0.00463
26.73,0.00465
26.735,0.00466
26.74,0.00467
26.745,0.00469
26.75,0.00469
26.755,0.0047
26.76,0.0047
26.765,0.0047
26.77,0.0047
26.775,0.00471
26.78,0.00471
26.785,0.00471
26.79,0.00471
26.795,0.00472
26.8,0.00472
26.805,0.00472
26.81,0.00473
26.815,0.00473
26.82,0.00474
26.825,0.00474
26.83,0.00474
26.835,0.00474
26.84,0.00475
26.845,0.00475
26.85,0.00475
26.855,0.00475
26.86,0.00474
26.865,0.00474
26.87,0.00473
26.875,0.00472
26.88,0.00471
26.885,0.0047
26.89,0.00469
26.895,0.00468
26.9,0.00467
26.905,0.00465
26.91,0.00464
26.915,0.00462
26.92,0.0046
26.925,0.00458
26.93,0.00457
26.935,0.00454
26.94,0.00452
26.945,0.0045
26.95,0.00448
26.955,0.00445
26.96,0.00442
26.965,0.0044
26.97,0.00437
26.975,0.00434
26.98,0.00431
26.985,0.00428
26.99,0.00425
26.995,0.00422
27,0.00418
27.005,0.00415
27.01,0.00412
27.015,0.00408
27.02,0.00405
27.025,0.00401
27.03,0.00398
27.035,0.00394
27.04,0.0039
27.045,0.00387
27.05,0.00383
27.055,0.00379
27.06,0.00375
27.065,0.00371
27.07,0.00368
27.075,0.00364
27.08,0.0036
27.085,0.00356
27.09,0.00352
27.095,0.00348
27.1,0.00343
27.105,0.00339
27.11,0.00335
27.115,0.00331
27.12,0.00327
27.125,0.00322
27.13,0.00318
27.135,0.00314
27.14,0.00309
27.145,0.00305
27.15,0.00301
27.155,0.00296
27.16,0.00292
27.165,0.00287
27.17,0.00283
27.175,0.00278
27.18,0.00274
27.185,0
27.19,0
27.195,0
